date,strategy_topk_horizon,equal_weight,spy_ief_60_40,spy_buyhold
2022-10-20,99288.10283784538,101315.940490561,99572.86170270723,99288.10283784538
2022-10-21,101700.94728818096,102991.82192611338,101020.56837290859,101700.94728818096
2022-10-24,102945.40411555585,102983.92621876462,101767.24246933352,102945.40411555585
2022-10-25,104589.3152579766,107629.06687573822,102753.58915478596,104589.3152579766
2022-10-26,103801.31698654944,107812.18085338248,102280.79019192967,103801.31698654944
2022-10-27,103247.02050421343,104029.36045908736,101948.21230252806,103247.02050421343
2022-10-28,105703.34173724965,107455.29517290564,103422.0050423498,105703.34173724965
2022-10-31,104939.8072803658,107773.65775869414,102963.88436821949,104939.8072803658
2022-11-01,104480.61896827881,105620.4857518642,102688.37138096729,104480.61896827881
2022-11-02,101858.5538751804,102252.96663549551,101115.13232510825,101858.5538751804
2022-11-03,99967.62384895787,100932.32853141433,100486.12073531428,100809.73823701205
2022-11-04,101575.59579044924,102325.02524710876,101353.47489591008,102260.7032827955
2022-11-07,102692.36680141807,102883.15886413834,101938.20361427919,103238.87456525817
2022-11-08,103440.7132117733,103281.32713210146,102271.16578846303,103795.87480605593
2022-11-09,101053.6559598463,98042.52945639247,100992.88113499586,101657.47917137285
2022-11-10,108510.26535559123,108363.83231883543,104332.3557598415,107243.96410689609
2022-11-11,110509.6921700348,113465.39054436116,104952.84391638084,108281.95604532494
2022-11-14,109542.61195358654,116425.28534440402,104402.20658763917,107360.81500144168
2022-11-15,111058.52256252767,116280.85038712953,104949.59070369492,108276.51386483143
2022-11-16,109542.61195358654,110918.84180020588,104455.80171255721,107450.47232530465
2022-11-17,109300.82397243321,107526.45953252804,104247.32829530706,107121.70569542702
2022-11-18,109304.66035926284,106977.8982115877,104532.42021858296,107608.0875781966
2022-11-21,108180.24047735643,105279.29528994311,104303.07070998171,107216.80519978353
2022-11-22,109738.3274387018,106416.89644814696,105148.78178445384,108659.63297250422
2022-11-23,110839.72899963043,108350.05227629683,105550.12818601105,109344.35113704958
2022-11-25,110110.60037750586,106721.58361595025,105535.79384172347,109319.89598839877
2022-11-28,108494.91980827271,104302.45405501539,104513.30606636676,107575.47782469801
2022-11-29,107673.67009679369,103848.59093864977,104405.00100297207,107390.7036646935
2022-11-30,112582.03423696301,110734.41407955656,106387.86952760324,110773.58212442898
2022-12-01,112720.19196827301,108998.95359603528,106340.08160731354,110692.05340773625
2022-12-02,112271.19129287638,107887.97187723512,106256.53887134214,110564.37014755867
2022-12-05,110386.91584012585,105233.29519036712,105104.37595556799,108575.40049734974
2022-12-06,108099.64049985172,101580.87163365976,104197.75365203284,107010.30564726747
2022-12-07,107658.33650083601,100955.4897004179,104092.29462923895,106828.25257750972
2022-12-08,108932.4232745413,103605.49696138818,104577.08084159857,107665.13514856099
2022-12-09,108237.81018252255,102708.38737320175,104111.18468554004,106860.8623310083
2022-12-12,109596.33332056219,101992.78351968538,105003.64070183583,108401.50203243976
2022-12-13,110774.48652080506,101592.31899372676,105478.98439601786,109222.084059688
2022-12-14,109953.26071204773,100075.9822731049,105074.457078195,108523.75177801633
2022-12-15,106261.40168905674,96064.70928339752,103536.67698068256,105869.09426320434
2022-12-16,105470.99182891741,94155.14027206345,102807.85303769397,104619.17792355092
2022-12-19,104576.62391014204,90974.29890337602,102285.82254472616,103732.03317596714
2022-12-20,104719.74444354353,90986.99950060279,102369.360069985,103873.99782699396
2022-12-21,106285.5610080951,92862.81910063415,103283.3060825044,105427.16840898852
2022-12-22,104769.28011833211,89439.97841019034,102398.27337533343,103923.13343750073
2022-12-23,105371.93795224141,88708.48633677186,102750.03662569393,104520.92403432238
2022-12-27,104956.40615330506,85461.32398637444,102507.49631841236,104108.74818907828
2022-12-28,103652.02787235987,85170.19480720231,101746.14830634295,102814.90444031396
2022-12-29,105517.78425822387,89929.61579130862,102835.16514764918,104665.59244381095
2022-12-30,105239.84281947187,89679.43684808593,102672.93447809816,104389.89573963762
2023-01-03,104796.79120120851,90089.46046216004,102413.85057981429,103950.42233300088
2023-01-04,105605.83894361964,92599.78581328751,102886.47889064813,104752.93597437494
2023-01-05,104400.52327580105,91034.82903973805,102182.35937057511,103557.35478073165
2023-01-06,106794.65145629265,94201.61477199208,103580.95762201236,105932.14729707513
2023-01-09,106734.10785377327,96053.03277203055,103545.5893500421,105872.09266201129
2023-01-10,107482.62073011561,96535.90549161805,103982.85449255243,106614.56033421401
2023-01-11,108842.03864971476,98311.53947109825,104776.99723763028,107962.99920576366
2023-01-12,109238.3240480234,101707.61884386616,105008.49865416295,108356.08408981789
2023-01-13,109662.11179275785,104770.15659106431,105256.0663506613,108776.44920347977
2023-01-17,109461.20837522026,104518.97062443697,105138.70289002231,108577.16833942088
2023-01-18,107733.03361309004,101786.78883982533,104146.88264135462,106862.95081110216
2023-01-19,106948.77118097435,99415.31283344804,103695.4573294273,106085.0223067665
2023-01-20,108941.10126284134,103299.47117659604,104842.25232028609,108061.2617608847
2023-01-23,110248.2402621698,107147.73513452418,105594.64795514061,109357.8439316808
2023-01-24,110129.91377551433,107220.40370127861,105526.5386476431,109240.4730835849
2023-01-25,110171.21097740596,108328.28262224054,105550.30952009885,109281.4367574589
2023-01-26,111382.0131361888,109548.26047452047,106247.2531958737,110482.4601315957
2023-01-27,111637.93871947922,110495.33774488687,106394.56521993098,110736.31878665488
2023-01-30,110237.24107088958,108055.48596239417,105588.31676655973,109346.93357301626
2023-01-31,111858.09727409513,108898.55960446136,106521.28956642665,110954.69927779613
2023-02-01,113046.90978676811,115016.32063106183,107200.15666455004,112133.91060049633
2023-02-02,114692.52509091736,122421.64530477952,108141.58362107213,113766.23544463709
2023-02-03,113473.45824988585,121453.31827174043,107444.17737852226,112557.01413618999
2023-02-06,112779.96753929633,119675.53383921825,107047.44379965938,111869.12425498756
2023-02-07,114254.98617296999,119459.92006759891,107891.27546530537,113332.23021617137
2023-02-08,113005.62132132705,117052.14517700324,107176.53627510564,112092.95559251483
2023-02-09,112025.95943553917,113374.16938499389,106616.0893071949,111121.20573639883
2023-02-10,112287.39771914556,113773.21164869542,106765.65345322182,111380.53256962905
2023-02-13,113605.54464620481,114977.39985281765,107519.7416332852,112688.03376498222
2023-02-14,113553.24825303296,117581.2826402,107489.82380611336,112636.15973244367
2023-02-15,113922.00509556402,122819.63877051152,107697.91970577644,113001.93838921275
2023-02-16,112353.43654907975,119637.59617139096,106805.06585135,111446.03805107893
2023-02-17,112072.75186484563,116652.08156026473,106645.29572032281,111167.62025665885
2023-02-21,109824.46125388592,110326.62299107543,105365.53339028917,108937.48748391143
2023-02-22,109673.11098403807,112759.24334841121,105279.38243940785,108787.35956214434
2023-02-23,110256.50494441847,115179.02985927105,105611.45944512256,109366.04186599111
2023-02-24,109078.70909592685,115045.5573229393,104941.03954832543,108197.75823374049
2023-02-27,109450.21792039061,117363.6999735469,105152.50820656122,108566.26664664883
2023-02-28,109045.67657628389,118075.11377172351,104922.23691929736,108164.9924941768
2023-03-01,108627.40153186541,114950.16189764836,104684.14819409852,107750.09555868595
2023-03-02,109472.22503940163,116147.34643147903,105179.49875493627,108588.09602987046
2023-03-03,111227.91088440825,120080.51457076008,106196.85066597255,110329.60245368932
2023-03-06,111304.9751149744,119462.8514739897,106241.50640120104,110406.04429148127
2023-03-07,109598.79873540462,118765.3497342901,105252.84330680003,108713.64748049165
2023-03-08,109777.6950339312,121760.99410146862,105356.50677922647,108891.09896132893
2023-03-09,107752.3149595201,117283.06338834047,104182.87751341147,106882.07643586202
2023-03-10,106197.49758624873,114024.91811406444,103281.92109771282,105339.81621253202
2023-03-13,106046.14731640088,116134.06506448892,103194.21948144503,105189.68829076493
2023-03-14,107799.08117947482,118272.63757686132,104209.9767255958,106928.46495844453
2023-03-15,107124.88055176592,115973.08142565205,103819.30358838719,106259.7093678945
2023-03-16,109004.3968472934,120423.6703832873,104917.38714570494,108124.04615208782
2023-03-17,107729.83607217776,118197.5767994049,104174.35314306748,106859.77909444511
2023-03-20,108765.75196325024,118142.9173004264,104778.26371835526,107887.32863240471
2023-03-21,110193.88206666106,123639.70506592182,105610.82443083137,109303.92474851094
2023-03-22,108315.47530035723,120045.40380540858,104515.76476369123,107440.68853266582
2023-03-23,108608.2774415458,121918.00598471407,104686.46038778056,107731.12591999117
2023-03-24,109320.98834341131,120650.17881400089,105101.95131177237,108438.08076470593
2023-03-27,109525.3863411809,123722.70441017693,105221.10974295823,108640.82798576706
2023-03-28,109279.55135831039,118988.5470804422,105077.7946850364,108396.97843655184
2023-03-29,110867.90796535835,124677.1336476749,106003.76305813607,109972.50702121087
2023-03-30,111517.06992570497,125106.95133471614,106383.3717430944,110616.42616383985
2023-03-31,113088.85348600267,134184.72758885648,107282.68006052569,112175.51555041573
2023-04-03,113519.80512021272,133870.2793265509,107529.25242509622,112602.98669593221
2023-04-04,112889.97692499965,139169.02567904192,107168.89127308075,111978.24517341814
2023-04-05,112594.37911962546,134489.95946822717,106999.76266548983,111685.034700491
2023-04-06,113033.62164543594,135469.42015396451,107251.07872885169,112120.72977799531
2023-04-10,113149.61549978655,136622.54857913635,107317.44552427017,112235.78683279222
2023-04-11,113180.01834780493,135554.15285327894,107334.84075271458,112265.94413871173
2023-04-12,112718.69881137881,133274.46261431626,107070.89315421508,111808.35035084577
2023-04-13,114215.90802952567,135797.5200755058,107927.53317566894,113293.46767899381
2023-04-14,113936.9094802535,135251.7170744948,107768.36937648676,113016.72240182731
2023-04-17,114345.740421595,134747.77554029625,108000.30875815365,113422.2515075196
2023-04-18,114420.332236647,134821.0065574026,108042.62644429503,113496.24089773245
2023-04-19,114400.98973506289,133443.69881762902,108031.65298949098,113477.05461172505
2023-04-20,113776.70044951752,131845.69221826197,107677.47903583784,112857.80726505953
2023-04-21,113865.07838358475,133212.5726431041,107727.61791063359,112945.47143364623
2023-04-24,113983.8591656704,128909.53928500175,107795.00503417285,113063.29290815243
2023-04-25,112174.49656830027,122069.29394696621,106768.5111962354,111268.54324077912
2023-04-26,111699.39091285891,120772.81635150258,106498.972614865,110797.27467453931
2023-04-27,113923.08841543594,122080.91372732523,107760.52836225912,113003.01295988345
2023-04-28,114895.43789208836,122544.38617587081,108313.05790433811,113967.50946397227
2023-05-01,114779.41782838601,122597.5628216272,108247.15253939183,113852.42641149783
2023-05-02,113489.41100864492,121339.99508484012,107514.36230014183,112572.83805590522
2023-05-03,112710.41665622898,122795.5406667614,107071.85343185859,111800.13508475045
2023-05-04,111912.09727513009,123291.24451255977,106618.36695308881,111008.26315937328
2023-05-05,113983.8591656704,128820.66638855569,107795.23429069156,113063.29290815243
2023-05-08,114014.24454078762,132451.55205990194,107812.49474696288,113093.43288228693
2023-05-09,113514.26621054501,132920.39236122434,107528.48133352076,112597.49252008366
2023-05-10,114044.647388806,136688.97889329257,107829.76512874098,113123.59018820644
2023-05-11,113845.74461845122,136030.673172672,107716.77812243585,112926.29381353133
2023-05-12,113696.58719769896,132338.72466915607,107632.58528940944,112778.34103078314
2023-05-15,114088.82761938905,139849.2559903672,107854.98193900418,113167.41360660728
2023-05-16,113326.41505017394,150182.46980049933,107422.70114481228,112411.15849942814
2023-05-17,114702.10024075305,157835.4005331137,108202.70177800462,113775.73326282323
2023-05-18,115807.04282785807,160359.13840372214,108829.19388788936,114871.75201746961
2023-05-19,115638.51669616994,159138.79373855924,108733.6411478247,114704.5869510365
2023-05-22,115685.47511803742,173067.48817109098,108760.26613371621,114751.16612325412
2023-05-23,114387.15993379476,173734.6127692507,108024.13357030164,113463.33650388867
2023-05-24,113558.44644112805,159891.0453843305,107554.26077277376,112641.3159384845
2023-05-25,114541.87373711591,156469.67220475266,108111.85484939987,113616.80079427043
2023-05-26,117301.99621451006,165896.40766445373,108951.57084997339,115088.20868047462
2023-05-30,117834.00218921798,170206.61629919504,108976.57949378129,115132.04076476797
2023-05-31,117163.94766676296,169132.99922796155,108612.32251513911,114493.61579798754
2023-06-01,118517.4250080201,171347.86069618317,109232.9650643655,115581.4019547536
2023-06-02,119406.31227528861,166364.5209660711,110186.62603715732,117252.86196944967
2023-06-05,119490.49076634941,169307.29989281122,110058.42830749118,117028.17270856435
2023-06-06,119470.27121812438,169367.96292238584,110203.82751438304,117283.01060947668
2023-06-07,117443.40772430698,167192.55847225047,109972.44069885867,116877.46417199938
2023-06-08,118901.28310484994,174222.87494649243,110375.79284290003,117584.41035082162
2023-06-09,119355.80518065214,173672.3488283807,110496.16362848788,117795.38150387057
2023-06-12,120726.29065629521,177221.34029342415,111099.3536022442,118863.99870641423
2023-06-13,121522.24279533605,179251.4199752768,111540.01267539937,119647.6726974811
2023-06-14,121666.94216243875,176844.43093897347,111620.12187526966,119790.13997027325
2023-06-15,123175.33624617307,176006.84580905433,112455.20668287142,121275.2659643138
2023-06-16,122755.78729655723,173599.43228623728,112222.93385864893,120862.18886624913
2023-06-20,122118.89884135338,170109.36257239786,111870.33643148257,120235.12488454356
2023-06-21,121493.19730193952,167960.70238414593,111523.9323615568,119619.0752522126
2023-06-22,121931.74904556842,169600.05232906895,111766.72560929021,120050.86201219687
2023-06-23,121009.94190347397,168150.44983983634,111256.39004897291,119143.27442419236
2023-06-26,120515.54359754175,172108.1991053748,110982.67874326036,118656.50257626003
2023-06-27,122185.23727062083,177126.01492755124,111712.49951490556,119957.36569795391
2023-06-28,122377.3650037397,190204.89344456024,111746.42149061483,120017.86229353554
2023-06-29,122322.64704977964,191754.88462594888,112011.66986306038,120490.907367739
2023-06-30,124092.51808096457,195637.43511499694,112808.9504830935,121912.78101238114
2023-07-03,124345.57678986418,194997.3147810102,112887.59640443066,122053.03848258435
2023-07-05,124294.66394332943,198218.58418820915,112785.81589974559,121871.52269816195
2023-07-06,123341.0594430115,191500.18569362804,112250.70292839356,120917.1999518747
2023-07-07,122957.22521258157,192112.17803324456,112079.52839203618,120611.92655657977
2023-07-10,123068.42395093247,195633.22308729688,112250.70292839356,120917.1999518747
2023-07-11,123722.52684419914,195667.85806037838,112682.48531480678,121687.24249403026
2023-07-12,124940.81941525514,199975.49496471073,113232.2086002192,122666.34102699102
2023-07-13,125932.48516373301,201948.04290531157,113771.26982878882,123639.95404999574
2023-07-14,125854.03456139682,195323.9406892239,113728.62473578012,123562.93159740593
2023-07-17,126291.0206573082,202690.68262109818,113966.16673225566,123991.96260357341
2023-07-18,127229.43567627501,207505.2870743746,114476.28130847137,124913.29429709182
2023-07-19,127512.38037795019,205340.38869945463,114630.08768802657,125191.08814725149
2023-07-20,126666.37960363459,198227.6902874585,114170.20872429974,124360.48834826676
2023-07-21,126666.37960363459,196459.90058427642,114170.20872429974,124360.48834826676
2023-07-24,127232.25135383412,196378.1742017312,114477.81188730462,124916.05871680111
2023-07-25,127579.57709662542,202030.82394130883,114666.61526375511,125257.06158689666
2023-07-26,127599.2074003603,203147.7222391177,114676.15990463324,125276.33453182912
2023-07-27,126753.22427919554,200989.83992146875,114219.56093979941,124445.75206462941
2023-07-28,127994.17899727075,212091.29072969774,114889.33628815229,125664.11588966993
2023-07-31,128237.880744627,219135.46821010357,115020.86842252614,125903.38118174969
2023-08-01,127870.91587152536,222142.03564709367,114822.80799200846,125543.09670082916
2023-08-02,126092.14025993655,210818.824238712,113862.75680114684,123796.70271363712
2023-08-03,125730.76260907602,210107.45998800837,113667.71193893987,123441.90374267264
2023-08-04,125162.12814076991,205733.09033166818,113360.8052133779,122883.62094978406
2023-08-07,126254.60220712377,198878.53092572727,113950.4417147754,123956.20713109529
2023-08-08,125705.5715628263,196600.1429245976,113654.11567992129,123417.17128546165
2023-08-09,124865.18449047804,191334.45146774413,113198.13387993348,122592.08299411049
2023-08-10,124910.01466703806,190611.91039458007,113222.44714022405,122636.09706214647
2023-08-11,124837.17776666922,191999.91269038577,113182.9446744005,122564.5861171902
2023-08-14,125526.27733631244,191897.05014889166,113556.67189317272,123241.1410109953
2023-08-15,124064.0315458733,195087.93767486676,112763.63547797786,121805.51459494676
2023-08-16,123153.64973044155,184251.7505807469,112269.8977383385,120911.70577602615
2023-08-17,122215.2170583239,178658.71455826212,111760.94685808025,119990.35675072274
2023-08-18,122274.02853034978,180688.95359954087,111792.84275359433,120048.09759248758
2023-08-21,123069.59425271343,187549.24296763458,112224.31097367086,120829.18048169528
2023-08-22,122736.24980538798,189291.8169643635,112043.5244826031,120501.9043853286
2023-08-23,124368.83486945188,195076.49897047077,112790.02821507305,121844.03448713417
2023-08-24,122116.07745152205,186875.50571985333,111848.90320029532,120155.36400992196
2023-08-25,123025.32126178304,188847.07439208863,112320.99670689227,121002.44633645234
2023-08-28,123887.78137165419,191028.85452068885,112748.63811029925,121769.76778836113
2023-08-29,126195.08120110026,195345.8179218702,113729.60291204072,123529.92321285208
2023-08-30,126819.05701390373,199249.7474136126,114013.16618177062,124038.72375953366
2023-08-31,126954.13602020868,201727.78412576416,113912.00432242494,123857.20797511126
2023-09-01,126980.19957880184,202397.8617472094,114040.74348611818,124088.20600574066
2023-09-05,126834.14372065726,205910.3601077217,113741.85573535593,123551.9085821388
2023-09-06,125831.13835085664,206935.47078340128,113278.97237225997,122721.3521126166
2023-09-07,125077.58103199833,198553.23348729298,113068.04987435069,122344.55910647291
2023-09-08,125265.97782163255,203792.78650662504,113170.39453774385,122528.83931060458
2023-09-11,126089.7940585344,204743.14109857898,113617.92443263865,123334.65465702327
2023-09-12,125398.12578844112,202707.20411312272,113242.18259319515,122658.0997632182
2023-09-13,125544.33374608672,199282.11262424642,113321.60859742638,122801.11298723819
2023-09-14,126626.82900785291,198461.58428702247,113909.66327396958,123859.95506303554
2023-09-15,125101.17382065555,193295.50765584112,113080.86641978292,122367.63637821533
2023-09-18,125174.54801354295,191538.8859462279,113120.72621297464,122439.40729994675
2023-09-19,124914.96532197075,188965.30993990088,112979.71052346515,122185.49664953252
2023-09-20,123766.57326635084,183660.9002257886,112355.85807563964,121062.1976652785
2023-09-21,121720.90218616638,175580.86060489426,111241.01824133415,119061.2257539493
2023-09-22,121447.22406584703,175604.43119817818,111091.54654129065,118793.52766855866
2023-09-25,121957.91978847461,176797.06141571002,111370.46747869338,119293.06437615174
2023-09-26,120166.1967721545,173015.37729627703,110391.90227609716,117540.49160760321
2023-09-27,120214.17970244648,177220.44259020637,110418.10857331756,117587.42608141356
2023-09-28,120911.11050219144,181126.1223956745,110798.74342760921,118269.12851536699
2023-09-29,120617.68460646205,180290.33566552037,110638.48630723625,117982.11415558135
2023-10-02,120569.683957215,180427.19183685712,110612.27033265348,117935.16234998599
2023-10-03,118955.74407645052,174520.0561864134,109730.80294510933,116356.48804634741
2023-10-04,119821.99721071178,178424.12791067376,110203.91467393503,117203.81301786796
2023-10-05,119774.87453286548,175306.24125617486,110179.477712296,117159.63429787438
2023-10-06,121199.86321006718,179136.51471803407,110964.4605737781,118550.64003341156
2023-10-09,121975.02246473153,175153.10028162488,111392.78153406248,119309.63356262246
2023-10-10,122610.08034825449,181847.86922735127,111743.2179536375,119930.6140877891
2023-10-11,123114.20134135854,181013.296554964,112020.45483752637,120421.88353393185
2023-10-12,122365.27773679912,178777.42842414224,111606.15954990019,119687.74378442702
2023-10-13,121751.0872597563,172784.4520515203,111269.73413177764,119091.59104128894
2023-10-16,123032.57677753292,174135.2666866586,111976.852014158,120344.61843635187
2023-10-17,123024.91766664488,174024.4085842899,111973.72704734189,120339.0809310408
2023-10-18,121385.73728863653,169851.64917186077,111068.81685998915,118735.56151358866
2023-10-19,120305.14429689542,168086.5274413367,110484.37240164404,117692.28338073139
2023-10-20,118812.48448830876,163116.99677457224,109673.23943832952,116246.09324171851
2023-10-23,118632.10491739913,161784.9690974821,109560.22821172149,116044.60257507069
2023-10-24,119538.33996408468,158999.57073283236,110050.94802805508,116919.51974832908
2023-10-25,117767.53182035216,153282.55462708158,109109.76296417066,115241.45632354374
2023-10-26,116319.61820336261,149861.12632526003,108335.77385676507,113861.4909350587
2023-10-27,115841.02748011792,150183.1098517546,108046.29772141203,113345.37637510238
2023-10-30,117222.40181503305,146797.88106326308,108806.37124919615,114700.53131334388
2023-10-31,117950.64850330251,150690.73124684978,109210.39452563867,115420.87496197977
2023-11-01,119244.17240667029,155252.18985824584,109900.78808504928,116651.79566526091
2023-11-02,121548.8680303443,162361.86143937422,111157.31442404632,118887.36195260934
2023-11-03,122657.82552242104,167267.63180446567,111768.17526431018,119972.03705396589
2023-11-06,122939.96884676779,164840.8154684364,111923.59177884451,120248.00240080689
2023-11-07,123289.85492061854,166648.26219893075,112116.32387416481,120590.22716174573
2023-11-08,123380.1726800279,165085.74861545523,112166.07472827574,120678.56726994786
2023-11-09,122417.96161222983,162807.25237215692,111636.04804502967,119737.42534616165
2023-11-10,124328.26993668813,166260.64112755848,112688.32692549094,121605.90442697266
2023-11-13,124209.76885447309,167608.2873040345,112623.05150134597,121489.99811471018
2023-11-14,126619.535983246,176293.0083139223,113950.45348351372,123846.99955373966
2023-11-15,126887.5832162429,178774.59166484998,114098.10527282825,124109.17746560423
2023-11-16,127042.7731195011,177098.97527379513,114180.42565979203,124260.9692387324
2023-11-17,127200.77160915648,180190.42208870355,114265.70341464011,124415.50809978486
2023-11-20,128179.94051406553,182682.74564952918,114794.19787056705,125373.2365418268
2023-11-21,127900.57919643397,178817.4864099285,114643.41601175952,125099.99228523257
2023-11-22,128394.37652848425,181119.63844730993,114909.93709002467,125582.97713813996
2023-11-24,128473.37134336495,181827.04588748288,114952.57357643894,125660.24223571992
2023-11-27,128242.01293141121,179106.02358233448,114827.700699618,125433.94978472107
2023-11-28,128368.98407228776,180465.1297710018,114896.23182196016,125558.14069021889
2023-11-29,128278.6840326664,181122.56802583634,114847.49347858486,125469.81791380177
2023-11-30,128783.78658945735,179503.62862390035,115120.11641381106,125963.8604455463
2023-12-01,129332.37135795658,186382.7036286208,115528.40686294665,126709.04054210328
2023-12-04,128131.69594547598,186924.33357950515,115163.47766148488,126043.89862872807
2023-12-05,128453.44301771157,183435.7199018351,115149.85117828676,126019.06218080701
2023-12-06,127710.47310357755,183883.5659517663,114871.22620676653,125511.22354819355
2023-12-07,129494.88127869289,187564.47441471575,115396.66834359779,126468.92599255797
2023-12-08,130071.9966866007,189498.2200610981,115694.9770696331,127012.64142014465
2023-12-11,131183.09671284715,187777.82376234076,115966.01856568192,127506.65795421167
2023-12-12,132227.87955931836,187155.91302677518,116285.52774132662,128089.01459648082
2023-12-13,133909.45711981627,192897.121878094,117254.6388522101,129855.37480000577
2023-12-14,133793.37127681557,200728.59035879534,117483.28420357025,130272.11757060031
2023-12-15,134440.1176715944,200728.24666248204,117365.93684460873,130057.64539697909
2023-12-18,135286.91336842108,199912.19083893037,117761.99777481302,130789.22870819477
2023-12-19,135978.16532103796,199977.91650639844,118192.56467085109,131584.54965878918
2023-12-20,133957.56374976152,193109.62554565622,117205.41255814127,129761.13321900732
2023-12-21,135516.2226637732,197216.51375887095,117871.51140641842,130991.5166369531
2023-12-22,135718.97020503526,197177.34785134648,118014.02503308495,131254.76045359587
2023-12-26,136549.79191533502,198544.77316735548,118314.06977066465,131808.98760879182
2023-12-27,136827.7515922611,197556.28881402907,118443.09064984812,132047.30831858848
2023-12-28,136761.2702610508,197380.50283582642,118470.09491080519,132097.18919585075
2023-12-29,136169.39148344984,192750.32787349483,118263.07319029578,131714.7893572559
2024-01-02,135085.81428030223,188106.11090892678,117863.83873772954,130977.65120894414
2024-01-03,133982.62485031143,183855.11311317098,117286.07230364633,129908.01143108481
2024-01-04,133551.0500594893,184090.86904576025,117060.0463636266,129489.56147966666
2024-01-05,133733.969057749,182104.17980526068,117155.84537554377,129666.91763568638
2024-01-08,135643.14253078983,187784.21528222796,118155.72474311008,131518.03026791615
2024-01-09,135437.35195447158,186890.40719208383,118047.94734403882,131318.4980929746
2024-01-10,136203.3129703445,185792.09442627907,118449.09927022374,132061.16508070493
2024-01-11,136143.30524268324,181050.28991713873,118417.6718019343,132002.9822784223
2024-01-12,136237.61586858163,179887.32490284223,118467.06451051192,132094.42477614144
2024-01-16,135737.45315668822,176718.00826688512,118205.11745168772,131609.4727656353
2024-01-17,134982.9323986953,174034.96554768126,117809.97733692075,130877.89812031212
2024-01-18,136183.30145675596,175075.09051165753,118438.8202438623,132041.7621473849
2024-01-19,137880.98209994147,177943.4780481289,119328.19207792472,133687.81376525454
2024-01-22,138172.5299218525,183182.3926438663,119480.92658787553,133970.49517878736
2024-01-23,138575.51300567604,183762.7040604493,119692.03920543108,134361.22294008007
2024-01-24,138726.98023246718,180312.87726310262,119771.3890441845,134508.08382037256
2024-01-25,139481.50099046007,181115.73654715403,120166.66333388552,135239.65846569574
2024-01-26,139304.31105884188,178774.33911005006,120073.83802242705,135067.85714677212
2024-01-29,140407.50942653415,181884.74633509052,120651.77566903185,136137.50559052394
2024-01-30,140298.91635368866,177391.07452581776,120594.88651219854,136032.21499658085
2024-01-31,138009.60456177843,171229.98023214468,119407.39381172691,133812.5246243027
2024-02-01,139815.88721551088,171824.26102414975,120340.64549442635,135563.87550200793
2024-02-02,141287.77470649107,172793.72346802536,121101.1252979959,136991.00067750848
2024-02-05,140773.356360755,170625.8175176103,120835.34087838823,136492.22656845587
2024-02-06,141182.05063581708,173897.6325793242,121046.5008644088,136888.49183505969
2024-02-07,142359.5659912221,174385.9871679315,121654.88747796864,138030.1971749956
2024-02-08,142422.43378335336,181244.0376472195,121687.36936704224,138091.15306288004
2024-02-09,143245.5603378205,185715.05236113688,122112.65399259278,138889.24709907622
2024-02-12,143182.68360798777,188221.27407158172,122080.16748567883,138828.2825452993
2024-02-13,141210.6244674127,179146.452741577,121061.26410003124,136916.1966934001
2024-02-14,141855.39079819396,184718.96586350756,121722.56453950546,138160.44553935484
2024-02-15,142893.672602795,185020.3399701502,122227.19005026166,139113.7023808639
2024-02-16,140427.7440338959,180937.05432991404,121860.45908798976,138420.93360218083
2024-02-20,137832.03952239326,179086.19203817597,121457.04677205737,137658.87234702293
2024-02-21,137961.82784229223,176903.0140944965,121523.05118882413,137783.55720839358
2024-02-22,142634.09596299703,179981.45899987186,123032.55128144888,140635.06047147038
2024-02-23,138221.3921047948,177204.54239113093,123083.89416666249,140732.04914039312
2024-02-26,145878.7296966992,179336.29814957027,122811.0410459749,140216.61918594476
2024-02-27,150161.64523500245,181261.1890412129,122948.93559445918,140477.10724877074
2024-02-28,146138.3063364972,179934.53864840596,122850.64461352753,140291.43183594564
2024-02-29,152245.67760935178,179803.93129321787,123117.62195608346,140795.78677977185
2024-03-01,154538.028186105,178400.6492361303,123811.1381985803,142117.60402954428
2024-03-04,153986.62493926435,176799.22302556926,123731.17952368438,141965.20564394072
2024-03-05,151222.62133201995,169673.1695659547,122986.76271451746,140546.37372756802
2024-03-06,152172.85056353474,172116.0558407418,123360.4306172609,141258.57143724867
2024-03-07,154482.54651808244,177342.00325063552,124096.10862436084,142660.74750822558
2024-03-08,152252.61148030232,171949.5768039457,123646.84690103173,141804.47066974675
2024-03-11,151687.32979114246,169978.6887547701,123582.8745050471,141682.54156219287
2024-03-12,153861.77246048194,171985.29041849935,124382.53854830138,143206.67273840116
2024-03-13,152679.1836491968,169997.64201394893,124264.76022949643,142982.19145893597
2024-03-14,145520.309619521,164257.51611710046,124118.48669414896,142699.54470897318
2024-03-15,147260.23605523407,163197.14185644445,123607.93339495467,141719.7009092569
2024-03-18,150898.23663050277,165607.42062103696,124046.79547258242,142561.95633366168
2024-03-19,146153.00602759694,165211.95635422872,124459.59909838295,143354.2008924166
2024-03-20,151530.93303857875,167103.17289090838,125150.46640846197,144680.09977755917
2024-03-21,149000.1474062749,164745.26573022336,125399.59983787009,145158.2317306634
2024-03-22,148525.628871386,162998.1640780029,125256.217394737,144883.0549800404
2024-03-25,151056.41450368983,164759.1565854142,125047.64592560679,144482.76873931402
2024-03-26,144096.73893018204,161439.90408200427,124908.5892486928,144215.89391371142
2024-03-27,151056.41450368983,166296.19805169394,125540.10596254643,145427.88830776032
2024-03-28,156375.49227093547,169839.020686446,125525.74208945177,145400.08812460233
2024-04-01,156321.6026444523,170667.479910946,125394.71385020675,145147.1047246862
2024-04-02,148216.72936261585,165390.02181077286,124916.74107407274,144224.25649997932
2024-04-03,147748.3606633499,165081.65580062513,124998.788010441,144382.66901498177
2024-04-04,144862.38940143623,162167.8058638137,124086.02033168844,142620.33845147194
2024-04-05,146309.52597263377,164008.66364481254,124857.70139130532,144110.2653499606
2024-04-08,135782.31422633,160366.13138319505,124899.4654363221,144190.90147972526
2024-04-09,136194.42379845105,161781.28896363892,124985.84811341968,144357.6852468881
2024-04-10,130865.38116203617,155733.80724867276,124237.18777243698,142912.2057110607
2024-04-11,134107.80688024077,158288.55256325842,124795.79814478502,143990.7453605233
2024-04-12,130981.885806107,155688.1429050714,123762.9169931376,142003.2315802553
2024-04-15,129340.92452291358,150964.8656747109,122835.16149958578,140224.19317599465
2024-04-16,129105.03414029603,149765.41815577517,122701.79540460787,139968.45402226175
2024-04-17,128340.96224222318,146373.11874573733,122269.80964835275,139140.09002354348
2024-04-18,128076.8634911919,146153.54475355736,122120.49529851471,138853.76893515827
2024-04-19,126958.97600245173,141700.09063941886,121488.47169779133,137641.81787057192
2024-04-22,128128.15652041005,144625.50874745258,122149.4950013873,138909.37796736674
2024-04-23,129648.60276518644,149040.60832638913,123009.11452482689,140557.7607103204
2024-04-24,129587.07031405332,153337.03986832692,122974.32572745845,140491.05066981225
2024-04-25,129094.77873177385,153001.70589318714,122695.99727171312,139957.33568217704
2024-04-26,130354.41505478449,160624.38626965228,123389.22058671236,141283.27789678215
2024-04-29,130811.89120630555,160591.47811313212,123651.79870435839,141783.62053237826
2024-04-30,128728.02757285669,156401.65237092122,122473.09186937392,139537.59451277557
2024-05-01,128321.62711993635,156378.78681055998,122235.30852626427,139084.49832312
2024-05-02,129530.44172768203,159035.6229135716,122918.02891390168,140385.42210606142
2024-05-03,131127.27657849953,162882.9709729686,123831.23792374702,142125.5419870794
2024-05-06,132494.00051221912,166694.81757892235,124601.47677088148,143593.23220539867
2024-05-07,132606.58661672272,162684.97941697936,124684.62931263182,143751.67938397118
2024-05-08,132627.00322996045,162343.3755201598,124691.92403353358,143765.57947555016
2024-05-09,133409.994968122,165640.4668870166,125126.6466496665,144593.94347426842
2024-05-10,133580.87877620733,158124.9915364191,125226.07009653664,144780.1995018914
2024-05-13,133598.8127981441,157234.90943597656,125236.14999145702,144799.63709878147
2024-05-14,134211.77576013107,159938.28794497185,125580.6684864547,145463.99041593866
2024-05-15,135873.7630699215,159822.22303143513,126514.79567224444,147265.31749572372
2024-05-16,135594.17462628166,157806.97817946578,126357.65177319171,146962.28856658773
2024-05-17,135789.12216210944,157285.99236794387,126467.22288239737,147173.5803576594
2024-05-20,135945.54713097727,157769.2752293521,126555.14221553245,147343.11987863906
2024-05-21,136278.96162708174,155814.52168715454,126742.53928114954,147704.48759612278
2024-05-22,135886.55595226603,156598.44918216133,126521.98596732806,147279.1829237327
2024-05-23,134894.00418446225,153154.31014429065,125964.1179353958,146203.41635987192
2024-05-24,135228.7304208858,155163.93404818687,126464.71777020823,147170.77260848758
2024-05-28,132868.4153174322,153914.17225868622,126517.80767200545,147273.6194207441
2024-05-29,130646.46087476365,152516.1664607331,125985.45033687902,146242.3262172221
2024-05-30,134724.29204651262,156615.52038591888,125484.67048884279,145272.20554889712
2024-05-31,130809.8727252727,155327.0520119277,126167.68630076639,146595.3573461154
2024-06-03,124985.53120113723,155975.66840800492,126229.39190452363,146714.89466733774
2024-06-04,123886.00892921617,156224.7513916514,126314.05482004555,146878.9053488988
2024-06-05,127379.77304788107,162890.73179754862,127215.18746056124,148624.5973987979
2024-06-06,125805.03316432354,163155.57586419987,127213.72914340705,148621.77231784107
2024-06-07,126274.39822371886,161210.22499748517,127120.48631284914,148441.14045445423
2024-06-10,126042.63730075822,164236.00861237914,127355.81175268213,148899.77414942087
2024-06-11,126668.12945278706,162720.13173456877,127540.17942899138,149258.3687813028
2024-06-12,128063.92638726498,166813.07590224792,128170.45133548505,150484.24593514568
2024-06-13,128572.9471081082,163975.604227037,128326.23266546274,150787.24020071165
2024-06-14,128990.13200571782,161890.8024638247,128373.39835471865,150878.977338776
2024-06-17,130336.4558014002,160914.75319236325,128990.7850190691,152079.79273149266
2024-06-18,130499.31986366713,158778.89645083484,129189.45477949998,152466.20487831757
2024-06-20,129768.22276257837,155325.89437761364,128976.50075685915,152052.00988011967
2024-06-21,129494.03202073122,155407.71568489127,128871.69009428064,151848.15342481784
2024-06-24,128465.78454519101,153254.264136521,128617.91498294128,151354.56151948357
2024-06-25,129816.60356974414,151700.69316636573,128916.45450371546,151937.37745405553
2024-06-26,130084.7095799721,153383.21804508916,129013.06906655825,152127.0391774332
2024-06-27,130420.49817393243,155633.7357635572,129135.23444223727,152366.8590866333
2024-06-28,129743.48905043895,154597.20626351202,128829.80775970203,151767.28331595552
2024-07-01,130504.45157081466,153640.53359190866,128988.9132186246,152079.61941364253
2024-07-02,131874.6906438143,156672.64299550705,129510.27693652573,153103.0959821245
2024-07-03,132974.14939474722,157821.8676100948,129858.31185083282,153786.3149472664
2024-07-05,134360.64261851765,160580.77085499914,130310.04209919715,154673.09572736497
2024-07-08,134680.1853928967,164862.5000247846,130400.97968461986,154851.6131129804
2024-07-09,134796.638760131,165353.63226301112,130477.68509647931,155002.19166115782
2024-07-10,136252.93629815706,170727.7589544007,131253.34506409738,156536.00263929486
2024-07-11,133870.75308811467,168154.4136530797,130572.22642679165,155186.23788619184
2024-07-12,134676.75756265564,172823.50095614835,131066.17256407195,156165.08510826994
2024-07-15,135041.5797264981,176051.1607300822,131282.88895013474,156594.54940906272
2024-07-16,135345.9291867484,177787.3099794426,131751.48926688923,157523.16911817834
2024-07-17,132075.39174147887,169981.54245233716,130636.96409536734,155314.52775884484
2024-07-18,131316.97517006984,164001.85645015154,130034.66413804053,154120.95705226285
2024-07-19,130252.6824642722,157948.55076461597,129518.20587445465,153097.49781556588
2024-07-22,131988.8776027551,163608.7823305433,130314.71883750851,154675.9381401068
2024-07-23,131611.64837783526,164555.08310977404,130192.27526008895,154433.29314994987
2024-07-24,128178.98974125012,156678.86152348982,128419.75957366916,150933.45113906622
2024-07-25,127511.12076031243,157478.6292828801,128020.53669729017,150147.02139418258
2024-07-26,128939.23438553467,158633.3587853131,128874.20058276781,151828.65516668023
2024-07-29,129015.00715719015,157636.9330729513,128919.49423274245,151917.87919591792
2024-07-30,128361.35661009458,153472.18966029407,128528.77051445893,151148.1919553551
2024-07-31,130447.81610373293,158311.43114427003,129775.96477601766,153605.04180783415
2024-08-01,128600.55305768066,150257.09938772727,128671.75169272967,151429.8507935723
2024-08-02,126206.2188428462,145197.43893786304,127240.52338367299,148610.47199401376
2024-08-05,122530.62122477993,138386.65358344797,125043.41183129037,144282.37864101442
2024-08-06,123660.30964694958,143866.07496992362,125718.69017806643,145612.61047240978
2024-08-07,121871.77037802372,140877.1802515428,125203.17528237765,144639.3180874278
2024-08-08,125599.94730981966,143691.0909040831,126926.75271375064,147982.9920494679
2024-08-09,126255.86725924372,142883.82193978463,127263.13895087848,148635.56841871
2024-08-12,126527.75939778672,139330.72363579355,127303.37807793744,148713.63077840046
2024-08-13,129667.28226066593,145973.12552720623,128564.0760038735,151159.33629311732
2024-08-14,129709.32343598301,144601.3996317343,128809.8974028582,151636.22035770075
2024-08-15,132986.1894287289,149072.80533980788,130149.6441290202,154235.27750619678
2024-08-16,133157.17412268004,148068.46614909402,130327.89702934887,154581.08128074044
2024-08-19,134906.33710696505,149660.30272860735,131089.7780855952,156059.1012429264
2024-08-20,134623.22536450665,147461.49093237647,130958.97412039312,155805.34657857727
2024-08-21,143526.42655058383,151926.5318656073,131232.23310200364,156340.76008114358
2024-08-22,135029.365823372,147364.22678232094,130613.88216424458,155113.73902948995
2024-08-23,136322.39986727774,149486.54871328454,131444.44077452458,156761.85312977593
2024-08-26,138723.74503107104,150065.8508774465,131256.12131341064,156388.16251314923
2024-08-27,134475.21466746513,148691.3662596851,131364.33884150308,156602.90332943812
2024-08-28,129487.81022393418,144730.25383022166,130906.20050405078,155693.79921024514
2024-08-29,135214.0887473902,148334.20347852045,130913.20538359316,155707.69930182412
2024-08-30,137061.2739472028,148648.5297788087,131662.2733129125,157194.1078479555
2024-09-03,128564.21321999098,139047.60873932816,130032.05791756567,153959.1995027532
2024-09-04,129487.81022393418,138400.19787567965,129873.26900225323,153644.10765124942
2024-09-05,129555.51538187049,137297.55470981283,129683.77218628651,153270.3823710527
2024-09-06,127375.08054293851,133226.45280635467,128375.43497168158,150690.8234806943
2024-09-09,128801.19574105072,132324.34989098,129231.1540019819,152377.98609261052
2024-09-10,129362.22179797925,134578.95214138244,129567.7892710286,153041.7067996148
2024-09-11,130689.34618615112,139655.2865674524,130364.11035086674,154611.75854021028
2024-09-12,131790.18493715578,138951.32511542313,131024.65212881967,155914.10352952263
2024-09-13,132478.49117119866,144483.88788194951,131437.65995870924,156728.4027847043
2024-09-16,132674.12877308467,144395.35276226958,131555.04936680035,156959.851441744
2024-09-17,132728.36348943794,142714.0106710509,131587.59209472855,157024.0137098555
2024-09-18,132334.7149674463,140685.6987687765,131351.3892045527,156558.30864660427
2024-09-19,133015.76822873997,143416.8983524265,132706.44668316923,159229.8646518022
2024-09-20,134945.2123983265,142946.203308616,132568.81109343254,158954.61857403917
2024-09-23,134319.9246268088,141439.1214513872,132767.434130117,159351.82842292608
2024-09-24,135268.85796564608,143117.11905501405,132995.42855485118,159807.77569121597
2024-09-25,133112.4560569935,140099.40000286992,132819.19155987003,159455.33384301304
2024-09-26,135860.8411351393,146246.6653622142,133135.31748211902,160087.5280330819
2024-09-27,142295.63224491465,155473.0663109802,133019.2099324872,159855.33410928675
2024-09-30,138457.78622449245,149421.56678974372,133339.53052921715,160495.91688330105
2024-10-01,134632.10714304558,143768.12394068364,132620.56852318556,159058.12399412613
2024-10-02,139140.13636944763,151155.68243794568,132654.13458571627,159125.24999747454
2024-10-03,138031.10987731343,149846.49877730096,132508.7593514012,158834.3533178464
2024-10-04,139285.423447377,151647.1299449606,133231.4721404187,160277.70971000992
2024-10-07,138026.24492758923,149598.62563924448,132505.95625537523,158828.75515128777
2024-10-08,139331.63293887483,151736.11760185935,133258.0972135077,160330.88362642433
2024-10-09,140296.6853341615,153940.8618611973,133814.14294624282,161441.38308744758
2024-10-10,140051.1635216107,153877.24180542154,133672.6777192468,161158.85765997984
2024-10-11,140889.81759465171,159830.3926953899,134155.89502520135,162123.908781189
2024-10-14,142042.08771461825,160751.4062763688,134819.81222419994,163449.8423299016
2024-10-15,140938.45203012967,158331.06531939073,134183.9173071454,162179.87311499022
2024-10-16,141551.04408951662,167226.12387271746,134536.8817702079,162884.79147496613
2024-10-17,147511.53748925394,167106.0495838713,134550.18241618757,162898.74356190016
2024-10-18,153919.8537505689,170363.53251876158,134859.9734170314,163525.37424898046
2024-10-21,165148.1963829563,175535.79003778013,134727.2058452412,163256.81824023178
2024-10-22,167075.4090674554,177071.8240956338,134684.32950259914,163170.08998803567
2024-10-23,164418.5299397295,173370.39718055632,133947.24884250824,161679.15784601637
2024-10-24,172104.60364516717,177377.75694767767,134120.1165908701,162028.82660861753
2024-10-25,181830.21397290283,182820.17749048927,134092.4491827184,161972.86227481632
2024-10-28,188488.54830497687,189575.87685421132,134339.99065732435,162473.57754379016
2024-10-29,180462.6970667175,187360.95982183807,134469.9820630442,162736.51805419524
2024-10-30,181230.2695001502,184547.21602008768,134226.6048375438,162244.22603273683
2024-10-31,161983.98397437832,173964.2505328232,132647.35754700715,159063.72216068473
2024-11-01,160124.12850574782,175894.04872886417,132981.6337410385,159735.05152130895
2024-11-04,155098.16146351062,174867.99316203827,132810.31007180965,159390.9809252664
2024-11-05,165397.57191535918,174358.79590663785,133769.99705494771,161318.32741386798
2024-11-06,177015.56195107847,178717.10366653636,135767.32622493844,165329.5784050774
2024-11-07,236193.6675218246,193591.17196750277,136403.8611430818,166607.93620393422
2024-11-08,264218.0172326399,200499.52844305974,136763.21625020902,167329.631731801
2024-11-11,250953.40244641583,194967.7114619913,136842.6126715724,167489.0841539041
2024-11-12,245608.5075685141,190574.5061499513,136583.54732669122,166968.8012996526
2024-11-13,284792.81617934624,199250.21467780712,136623.93594103694,167049.91405350508
2024-11-14,302738.370866178,200492.483323229,136097.13789941775,165975.75934565032
2024-11-15,287087.16030006314,201308.5170276392,135053.99309147487,163849.8252643903
2024-11-18,287182.6718610832,194735.2660918964,135383.40679375734,164521.17195679952
2024-11-19,299531.6407281651,202311.9886919272,135678.4971785643,165122.5675649035
2024-11-20,294929.34814616584,203238.19936344802,135705.95753340283,165178.5318987047
2024-11-21,324089.07951900637,216071.41507672233,136141.05405686155,166065.26068344823
2024-11-22,385387.19148292765,225568.02614707538,136393.6059793266,166579.9627029261
2024-11-25,440558.31966051337,234083.792564374,136670.87137071716,167145.0308896466
2024-11-26,405405.64975626837,227849.85181836004,137099.0964272482,168017.75559210105
2024-11-27,391511.1717062887,227652.76046493382,136849.2828864054,167508.63440739678
2024-11-29,457250.3739658562,243116.83209009308,137359.26985697733,168549.2521112548
2024-12-02,401961.4611943658,242037.28532615132,137507.27676790624,168851.36245578522
2024-12-03,411064.02947507607,246263.30077704138,137545.63918105388,168929.66746046586
2024-12-04,418944.4005048252,250058.3339187235,138059.54098072968,169978.63908469933
2024-12-05,450457.5954302782,266990.8741551161,137922.50446329056,169698.92140640342
2024-12-06,475647.01348489564,271237.8197115342,138080.09773199802,170020.59933621145
2024-12-09,429156.1767620509,276490.13264086185,137651.16553576814,169145.0668845852
2024-12-10,413324.9569262919,274293.19433165895,137393.52261807467,168619.16853199003
2024-12-11,374250.7854577995,264081.91435121937,138032.14047005516,169922.70941446815
2024-12-12,376227.31714110123,252812.8347729262,137603.191291792,169047.14229927186
2024-12-13,405137.1584660298,259404.19549937735,137588.08698559576,169013.58796349014
2024-12-16,474952.3127041501,274153.0636544687,137940.0810003006,169735.28349135694
2024-12-17,494516.7844920554,278262.857790514,137598.9916993078,169035.9459661546
2024-12-18,436022.55402492266,261204.9380314888,135141.88074219314,163998.1160169462
2024-12-19,425988.0385536327,253055.48251917696,135117.29864337563,163947.71518613363
2024-12-20,497669.79746976274,274692.183796316,136077.74187014636,165916.91793553726
2024-12-23,486137.53392411023,280920.8155021341,136562.33382228302,166910.47984308988
2024-12-24,519793.7956688255,291480.09336706315,137467.17991565523,168765.6914424748
2024-12-26,557713.9545754056,301629.4603905574,137472.66608557705,168776.9397709471
2024-12-27,529514.9074732161,292684.4840904226,136606.13019572647,167000.27582123296
2024-12-30,523061.58462561027,286596.45688980387,135677.1491717113,165094.54206854038
2024-12-31,480708.3866563805,275555.93984279095,135380.925770204,164493.92639076192
2025-01-02,470443.9624400152,275888.69871169183,135181.59427889707,164089.7664960855
2025-01-03,534698.6579297971,294715.53625164315,136193.47577531397,166141.43387857248
2025-01-06,568189.6630965328,306080.22026764,136665.50649195956,167098.5123786765
2025-01-07,524317.686113189,295272.38779467595,135733.90808514145,165209.6251210148
2025-01-08,463026.7995381735,255455.0538261807,135852.9393907913,165450.9702272959
2025-01-10,440287.22099891916,253323.51065651755,134607.12398114504,162924.98388440715
2025-01-13,402537.0170876676,240557.3495858983,134731.71150573005,163177.5946509455
2025-01-14,419114.48823614354,245649.4959641704,134842.45122312277,163402.12792576576
2025-01-15,504083.71500644187,274889.4307577263,136307.80913528995,166374.39040090816
2025-01-16,523936.2679966018,274408.4918912958,136150.27339949453,166054.44564960123
2025-01-17,500529.71303177206,269955.25508885423,136971.15747110322,167721.6073816145
2025-01-21,562030.2125190254,289365.08137148747,137727.09005380946,169256.85689790748
2025-01-22,532332.1888870872,280450.173127422,138195.58392291542,170208.3372314529
2025-01-23,526440.7270372079,279209.4712811473,138653.00932781084,171137.33823983875
2025-01-24,520368.7570325111,279452.4020964052,138407.01121729956,170637.73220510563
2025-01-27,496893.6968700245,263222.1824519384,137218.52953900688,168224.00383373446
2025-01-28,501319.25547579856,265158.14844837226,137930.24800214887,169669.45737188435
2025-01-29,507221.0558625824,266070.2490203742,137555.72087122506,168908.81732309738
2025-01-30,516054.7546651076,266727.5080998963,138000.75614633004,169815.39100167874
2025-01-31,514853.196226244,267402.96607098886,137559.79009065044,168911.65973583923
2025-02-03,510880.67646969086,266820.87005606876,137005.1384647792,167774.93728409402
2025-02-04,516509.7375885053,271180.71438269416,137554.310045312,168900.42873915195
2025-02-05,518797.51378704864,275414.7459055943,137888.44904433313,169585.22489672987
2025-02-06,521302.1615064936,272031.2591425689,138176.04994227824,170174.6442413911
2025-02-07,515131.5821299397,267831.48535020486,137415.98118481776,168616.9327317236
2025-02-10,520751.3364580571,268599.429340368,137974.73438783272,169762.06109919926
2025-02-11,519878.18152045214,259542.65262107068,138037.73799550417,169891.18289753277
2025-02-12,519738.6005904203,261865.26546888106,137770.68726757806,169343.87979044876
2025-02-13,524977.0269521659,265752.0110250986,138642.79883667792,171131.72274149512
2025-02-14,520913.1766863268,266307.21560393745,138638.69021679315,171123.29949397966
2025-02-18,509076.972597884,268268.7335543311,138883.74487646343,171625.69594609961
2025-02-19,510558.78910879075,271324.5498387124,139080.88254537882,172029.85584077603
2025-02-20,507518.7576139111,269174.2089898642,138731.7851183797,171314.1571105231
2025-02-21,493307.0843002978,257916.31376974258,137302.52645130505,168383.9762093879
2025-02-24,489221.6907597254,249531.69522151406,136928.79421289806,167617.77265761237
2025-02-25,481262.5217557953,234277.55804388825,136522.18456146258,166784.1657939282
2025-02-26,482321.91543184954,239653.12460088741,136563.25385240949,166868.36360551266
2025-02-27,457107.725210299,223206.51854234404,135264.05075798352,164204.8148849899
2025-02-28,463594.89317586645,226105.54503183265,136529.22774196925,166767.33663068232
2025-03-03,440055.2263864267,217010.01451343828,135085.65852548988,163845.57897706257
2025-03-04,428948.55288744776,217972.54621957758,134127.44362345745,161906.1695660932
2025-03-05,434634.48589361564,224618.88145040424,134987.20727276494,163646.3154447887
2025-03-06,400662.240402277,213645.47347143214,133551.96149871827,160741.40428619983
2025-03-07,402481.27924659534,215681.97492061826,133997.08584140718,161642.32780286754
2025-03-10,365306.7744943785,199713.30355611182,131869.881127838,157336.90442466288
2025-03-11,371713.2407593231,207310.12404899223,131223.6668688457,156028.97860057693
2025-03-12,417518.98496212537,212997.4193774082,131632.7400874177,156856.93530234744
2025-03-13,408968.5750262655,205608.01546295205,130599.6484563406,154765.97676324003
2025-03-14,464827.2029294378,222462.47684416984,132198.78829298334,157962.77251320265
2025-03-17,476356.65957196953,226450.4060641775,132813.37669102923,159180.88502736052
2025-03-18,439688.74299404986,215760.89436824256,131945.31714381633,157460.39339286773
2025-03-19,450131.0012182477,219648.83890388306,132810.5434386891,159175.2695290169
2025-03-20,412069.46533579857,209650.1617049536,132578.29544825485,158714.95465090417
2025-03-21,423403.7740475669,212503.63451151855,132604.72164755047,158767.33130520803
2025-03-24,456888.5241719647,222215.27391920984,134039.27425987547,161610.61063629703
2025-03-25,447135.003287629,220170.3327696696,134235.2846030956,161999.1025973233
2025-03-26,432890.981743063,214915.56909025615,133259.50025471702,160065.10070327742
2025-03-27,413926.13393880846,209694.59668245903,133045.03004825627,159640.02134409247
2025-03-28,399054.6007787341,200105.2718933066,131433.98744590936,156425.14854236317
2025-03-31,385482.20767764194,204390.6888229429,131959.62449212652,157475.1947372673
2025-04-01,404985.9301996584,206135.91775451897,132182.26867600082,157919.96300422496
2025-04-02,437378.0186108563,208632.38201074259,132682.54569768888,158919.34839154137
2025-04-03,405977.527380805,191449.04138457854,128762.1357750512,151087.68669388097
2025-04-04,361162.7340561775,185094.67328607623,124334.39955945278,142242.55753358259
2025-04-07,397201.4103215443,188151.68281374717,124207.56907071588,141989.1928343962
2025-04-08,371590.0702881382,180250.51280652275,123094.30043320036,139765.25617479032
2025-04-09,460325.73453981034,208715.7739901111,130441.90988011265,154443.31092168632
2025-04-10,451915.9100192662,199666.66739849467,127054.18193695163,147675.7688283592
2025-04-11,455808.67204655084,203056.56521964117,128423.27808060289,150310.70277182842
2025-04-14,443245.93084619334,200798.70204134897,129176.98234249414,151768.9298355316
2025-04-15,444049.0941451497,200806.99024562203,128957.26540287962,151343.83314456165
2025-04-16,429907.8271692257,196232.40652488006,127218.51223990174,147979.78566924084
2025-04-17,449926.27465994656,201064.1221491572,127327.63166100683,148190.9041424624
2025-04-21,421041.47277665883,194787.69575582814,125504.47465715776,144663.55658876596
2025-04-22,446832.5477892485,200280.93861726334,127449.8658372632,148427.39634894035
2025-04-23,468006.7340057195,206261.9388789495,128638.61447700088,150727.3242199279
2025-04-24,495679.22375393653,216608.99914736138,130278.45157004672,153899.99412515492
2025-04-25,504374.5748296547,219114.12567812655,130853.18063168689,155011.94945611912
2025-04-28,504285.3661705244,217632.94762209815,130885.35468824074,155071.06817479237
2025-04-29,499295.8093115275,215837.58401196258,131379.851202413,156047.90490980915
2025-04-30,492738.4744459371,213858.96761636535,131411.21730731116,156109.86604122425
2025-05-01,494421.9244130865,214273.37609088467,131971.26240041887,157216.1885420598
2025-05-02,534330.6192206912,226346.92859140207,133152.65467752202,159549.9307256042
2025-05-05,521640.6743775852,222273.06316066076,132689.50672077664,158635.02045843247
2025-05-06,515544.959599331,217949.5979058211,132018.28962342703,157309.08690971986
2025-05-07,513467.33231588104,219239.43614347448,132353.19188638317,157970.65847538278
2025-05-08,543595.0836633435,223751.16616258016,132910.39428914487,159071.36547787467
2025-05-09,537510.9260439562,222033.4926697278,132807.79422461923,158868.6875839536
2025-05-12,577515.4594712426,234538.34022857482,135461.0782746902,164118.88389490434
2025-05-13,591432.1571338433,238426.69712472116,135998.38205245096,165202.70973879533
2025-05-14,583105.3492089997,237735.7786438439,136103.05206589453,165413.8455438019
2025-05-15,580557.8891972894,235978.75546467927,136503.58542221424,166221.78403388444
2025-05-16,583631.9482717393,241205.55556714808,137025.53496306614,167274.63797796043
2025-05-19,575124.4710696378,240049.449495084,137116.24267378062,167457.60963232376
2025-05-20,569138.8838700912,239163.66759904148,136837.12550199314,166894.5865962346
2025-05-21,549791.2911544123,231609.13689237813,135442.9401694218,164082.29649674566
2025-05-22,1099040.514197005,344572.63090728206,135475.03198523298,164147.03071376254
2025-05-23,985572.2501062343,324840.3290941552,134919.59010220383,163026.61747171287
2025-05-27,1019975.1011272542,371566.3688906945,136597.6607943495,166416.0386802901
2025-05-28,1015454.4500704377,363644.51427591714,136121.85479503643,165453.24069113238
2025-05-29,1017450.70935612,342304.3076592846,136444.6176160858,166106.35434570978
2025-05-30,1015846.0544349342,331688.72514332854,136352.79856129587,165920.55761038963
2025-06-02,1023869.3290408632,340900.6003428971,136814.68609381476,166855.19144890414
2025-06-03,1031872.9455152412,348356.93903450435,137284.91614119982,167806.70644601955
2025-06-04,1034749.7452544254,363617.13422421867,137262.6465943291,167761.6438049904
2025-06-05,1026961.1695605515,343926.4844122434,136861.97462007363,166950.88023395103
2025-06-06,1037000.1218504023,352188.03151114244,137709.22809597955,168665.30574368988
2025-06-09,1038526.5038453512,374706.96381605923,137784.35355582682,168817.32283002321
2025-06-10,1026382.6447826324,388523.5227750784,138253.61524122086,169774.47065726726
2025-06-11,1024501.7286848057,386239.3005674988,138016.58538962124,169290.2725794091
2025-06-12,1008730.2310687196,382664.6298936602,138345.94293729085,169963.07514175927
2025-06-13,989624.2669867759,372309.1611750133,137415.7341876102,168062.87022848523
2025-06-16,1004446.5262545461,374395.3680411637,138198.4833381642,169661.84871826443
2025-06-17,994399.0460991007,367664.041748995,137488.7682629429,168212.06223386174
2025-06-18,1021025.8928145189,373134.2995869479,137476.37249341907,168186.74049596034
2025-06-20,1031830.1968340463,374378.045847577,137283.00357951253,167791.73178376988
2025-06-23,1048565.222382561,372222.5484604401,138094.3368146153,169449.10105725183
2025-06-24,1049329.5292248195,384213.95377086767,139010.70743965986,171321.03782917256
2025-06-25,973114.241410747,373742.27873345144,139058.38235667453,171417.03858634966
2025-06-26,1049972.603688254,377219.8507611224,139710.8221976459,172758.17211051707
2025-06-27,1027757.7430986363,376775.8551123984,140128.38200954074,173616.49409962722
2025-06-30,1097211.2167834905,382717.21148898674,140532.21512124044,174446.59994273912
2025-07-01,1023927.5510564336,371556.8853465209,140504.7448575821,174390.1329871726
2025-07-02,1142662.3354947572,384209.2861915155,140889.33698043326,175180.68769688893
2025-07-03,1133469.9525181344,386661.0516812266,141561.00937861908,176561.35502266692
2025-07-07,1154152.8142155353,383348.7145547332,140920.9303131306,175245.62989532592
2025-07-08,1148279.9245150997,388305.0325478333,140874.2359238918,175149.64646993385
2025-07-09,1163345.1971921576,389070.29298362054,141385.1929458983,176199.95264161317
2025-07-10,1172792.880848873,387426.62182322383,141624.62191118926,176696.88958145457
2025-07-11,1067591.3701953902,371710.57690469513,141325.58670523064,176075.7184066528
2025-07-14,1082911.943552541,373982.65299575776,141487.32770599815,176411.6950590951
2025-07-15,1058909.6859847833,377095.70663786225,141124.4221177401,175657.84907003253
2025-07-16,1111765.7906945327,380729.80784051056,141407.1372103378,176245.11927335238
2025-07-17,1144960.4312389127,386705.58565302927,141926.36044880887,177323.67625459997
2025-07-18,1187602.7554400081,397975.0315253798,141863.8417323399,177193.80918951097
2025-07-21,1134491.350050166,419649.3645361275,142025.59107672365,177529.8031737383
2025-07-22,1070910.7660657472,416105.1924890526,142037.8228181281,177555.21157056472
2025-07-23,1105126.8041421587,423274.8001077972,142765.0106913235,179065.76329321673
2025-07-24,1094922.822261196,427227.6349600946,142793.7062335619,179125.03799795505
2025-07-25,1097891.15371698,423859.03494534316,143155.59226092274,179881.72639975947
2025-07-28,1100701.2841293789,419369.0859574358,143133.9913312793,179836.55976802026
2025-07-29,1098796.2893787744,402038.64970757416,142907.13183649385,179362.20614404845
2025-07-30,1099791.9099336597,396741.7717814284,142799.11061043356,179136.33832178236
2025-07-31,1094247.4090810474,397189.16635695903,142477.74083176698,178464.36768511275
2025-08-01,1073295.7069368619,396579.8729928925,141078.80295848224,175539.24766520082
2025-08-04,1092516.0787269454,405439.4680327192,142354.84928038807,178207.40664053656
2025-08-05,1085411.7810515617,394235.2601426196,141922.74779830378,177303.90068790218
2025-08-06,1098177.322587133,389393.3220953334,142572.25940456972,178662.00202959558
2025-08-07,1150353.3858259222,394070.13176387775,142501.24006210075,178512.3420660238
2025-08-08,1176495.2976709,397159.23639801634,143166.26185102997,179904.3097156291
2025-08-11,1244084.8993406612,403456.73603802593,142996.2988657155,179548.557496489
2025-08-12,1212891.6558735133,406248.2386465654,143909.5249070466,181460.0454018053
2025-08-13,1186471.2272445345,408142.9663192983,144206.2852807524,182081.19924482206
2025-08-14,1178577.5856072777,405991.7284997399,144214.37520751124,182098.13239877802
2025-08-15,1149031.9493938563,398432.5454109276,144010.69453359695,181671.80515107227
2025-08-18,1143802.926068076,396139.4673502273,143991.79871695035,181632.2540176767
2025-08-19,1054597.992783681,380708.5119471357,143521.02625436295,180646.87271264935
2025-08-20,1048096.3160350093,377173.7050841682,143291.70953823224,180166.8862585489
2025-08-21,1059663.4479490188,376697.0878096665,142946.38724286397,179444.08149644142
2025-08-22,1096703.278760333,389543.63761792996,144262.90893337963,182199.78331786874
2025-08-25,1058305.0943111943,382564.3292595353,143879.81045318762,181397.89362075512
2025-08-26,1040080.3040338993,386906.52997159126,144242.67220556957,182157.42443530136
2025-08-27,1036789.4777482998,388661.40010235494,144440.95736140758,182572.4686909648
2025-08-28,1031942.1881589533,393898.51026495546,144749.8489861847,183219.030930808
2025-08-29,1001673.311693506,388053.8891111171,144227.8341465533,182126.36587656126
2025-09-02,984802.9881280753,385658.22069013974,143583.06583319668,180776.75710952337
2025-09-03,979994.8988100514,381348.96504453244,144051.12710555698,181756.48825263703
2025-09-04,948566.113767445,382998.5644179017,144776.82576982025,183275.4978863745
2025-09-05,959397.1582652866,383059.82221670914,144528.57492573268,182744.69463862118
2025-09-08,961423.019311744,382135.9319389919,144741.04622319038,183193.62253398154
2025-09-09,978045.0886793458,392008.22574956145,144941.49208160577,183617.1420325155
2025-09-10,966458.9522558989,389946.3545129902,145192.7220417338,184147.96261205382
2025-09-11,1015696.1479689891,406108.9614186798,145916.9963529462,185678.2725696186
2025-09-12,1025144.3532188474,427540.50959580013,145887.58898666617,185616.1381203534
2025-09-15,1020940.9759345099,435840.1075042668,146355.29325533824,186604.34450633754
2025-09-16,997336.796237362,439030.2292627454,146233.69359069795,186347.41812533137
2025-09-17,1056685.1583644594,455709.18796629726,146124.11936509996,186115.90014115162
2025-09-18,1086915.2228607084,464793.3891903423,146535.69944964704,186985.52245408908
2025-09-19,1138470.1255573146,476770.5587056218,146972.61012726012,187911.62905437808
2025-09-22,1162349.308409142,483283.9561100732,147390.15445970758,188800.6456347431
2025-09-23,1138527.2431693655,482643.07548166305,146907.45582389308,187772.90544714837
2025-09-24,1131590.4340028504,479276.5177806384,146626.86251591428,187175.47881781196
2025-09-25,1073158.33739254,464422.86084476014,146221.29244386824,186311.95729319844
2025-09-26,1056152.6486324458,460400.54902497784,146722.61589803657,187379.3526048988
2025-09-29,1139716.132512403,469109.418429313,146969.9482760356,187905.96156067943
2025-09-30,1134137.8143800104,465542.87250429427,147302.38663125888,188613.77432875222
2025-10-01,1149541.5142663151,470670.0373531561,147604.25032838035,189256.4889123229
2025-10-02,1282183.4176256866,498181.83707870345,147706.62984780158,189474.4707724089
2025-10-03,1228136.1857580147,499242.9249112186,147705.78545128962,189471.66302323708
2025-10-06,1272259.864418272,515469.87352921756,148023.46321680403,190151.15565460158
2025-10-07,1222690.3459404209,509547.3423876122,147693.86595140258,189446.16796748558
2025-10-08,1218291.1519529875,502328.7913383192,148222.01891036774,190575.85371451624
2025-10-09,1254388.1410868932,511405.2105091186,147963.89812933313,190023.74970298418
2025-10-10,1282344.072422916,494752.41599843604,145562.73878091108,184887.82185061232
2025-10-13,1528151.3419953878,545636.6461260659,146889.0687737809,187724.7577483872
2025-10-14,1891277.0365183735,575281.6166556578,146781.84999573507,187495.4235691189
2025-10-15,2254331.519195246,606124.1038808685,147171.01234860742,188327.81720785226
2025-10-16,2319383.669343869,599614.8738290146,146571.39100826648,187045.26511702273
2025-10-17,2056570.7237771275,579486.7407602456,147071.89039658304,188106.99293502443
2025-10-20,1965290.8168393942,600909.4336070205,147992.36732359097,190063.3874953048
2025-10-21,1951713.3816021755,578939.3296025626,147991.02997815004,190060.54508256295
2025-10-22,1826102.6568798248,553364.1133754312,147526.13119196615,189072.4426872889
2025-10-23,1947742.8319217134,564185.7680318744,148053.64873205902,190193.63585966403
2025-10-24,1977432.4758437136,573681.4640958868,148784.9728246259,191748.00233482438
2025-10-27,2056054.649315797,582003.1806531389,149849.32039562607,194010.18157805753
2025-10-28,1882223.7977460078,560139.8370737694,150091.763184071,194525.4728782258
2025-10-29,2004504.1699718053,577152.6289760636,150135.72433816962,194618.90853122124
2025-10-30,1974100.7198125282,560838.5142645217,149128.65429386002,192478.46774590685
2025-10-31,2055237.7435121853,576634.3066973686,149431.63615268012,193109.8473420802
2025-11-03,1872014.8340553583,555070.0355192161,149599.6048606632,193472.2549666646
2025-11-04,1601005.654102029,519225.38109457085,148536.6866664823,191178.9131739813
2025-11-05,1511305.861052331,518832.33542862156,148843.75370767608,191841.4379878198
2025-11-06,1357437.791052082,508257.1717311569,147889.75410323896,189783.0978681035
2025-11-07,1208180.3117737514,501420.7172337498,147976.35719461943,189969.95184230935
2025-11-10,1472209.3732553655,516697.68856549176,149350.27856901428,192934.31102348666
2025-11-11,1399704.607915371,509192.1360400527,149554.98189687333,193375.97690092732
2025-11-12,1326415.7138758483,495242.42046914634,149604.85036837784,193483.57262227693
2025-11-13,1214840.6413193573,469632.9484296135,148116.76489652455,190272.8941125203
2025-11-14,1243903.4055064004,479426.62534530606,148112.49617037186,190241.76622664017
2025-11-17,1186754.5775903158,473205.7367201124,147281.32327458792,188469.38322782383
2025-11-18,1193985.5672323063,475138.64029903733,146539.11811381066,186886.71394774018
2025-11-19,1185121.2336566627,472050.681217728,146877.69293287126,187608.68678416713
2025-11-20,1159226.1953670457,446781.2871528074,145536.66647877992,184749.0982433826
2025-11-21,1161015.1769362334,450767.774041762,146399.7006500276,186589.4218394429
2025-11-24,1270696.5210070014,479796.9173990781,147687.6114318854,189335.74716517917
2025-11-25,1232070.4377958118,478427.2002678642,148522.76698710228,191116.62273865103
2025-11-26,1278671.8487886668,484537.7593281369,149141.50157758116,192436.00487262936
2025-11-28,1338698.9243142067,498569.6105761626,149634.09152642812,193486.39770323376
2025-12-01,1299555.2774899225,485502.14605787594,149218.30392181565,192603.04861656742
2025-12-02,1309725.6689170445,486506.3761910211,149384.2760489176,192959.78874745313
2025-12-03,1312926.3316221852,496949.5276970035,149695.14217358528,193627.96372320532
2025-12-04,1311704.9787058742,523369.46936579235,149761.0052807207,193769.52974317688
2025-12-05,1317053.4003587794,519331.69857733976,149932.24290842988,194137.58752967493
2025-12-08,1314526.6629747555,524672.8311163291,149660.8962607542,193554.3556322627
2025-12-09,1316147.970043832,518669.9316296902,149583.1716660335,193387.29455653965
2025-12-10,1321538.4718151265,512292.39416658325,150179.89077159634,194669.8813109392
2025-12-11,1317264.0583214809,515265.5821695642,150390.63981274373,195122.8648439922
2025-12-12,1292080.2012911362,497417.3406910649,149414.57082040486,193024.90426374026
2025-12-15,1184778.823004725,476991.94207257,149281.56116893486,192733.27964914165
2025-12-16,1165471.0678428235,483936.57271134475,149037.54853969597,192206.67069336103
2025-12-17,1098631.9748174485,464353.4921639004,148057.54679138222,190091.70763201313
2025-12-18,1097170.1920940587,468365.72729153646,148722.67876762614,191527.14339842653
2025-12-19,1162518.7295663825,482465.73728897684,149527.03543253796,193263.04298979428
2025-12-22,1175898.9915974638,498447.274944875,150084.93002600718,194467.047430953
2025-12-23,1140283.4826584777,490056.09744855063,150496.77361647022,195355.85602989787
2025-12-24,1140294.4063265931,486986.9599847676,150815.19307199592,196043.04397380733
2025-12-26,1101695.3929322413,473782.9333307124,150805.98156311834,196023.1644163995
2025-12-29,1073477.5127383305,468133.3865005193,150482.2937991151,195324.60682152267
2025-12-30,1077922.9518313461,468176.07632873184,150371.89741803362,195086.0867961984
2025-12-31,1063034.5269981856,463588.6520805921,149703.60937008087,193640.70258518856
2026-01-02,1247651.2079102031,488542.13830980496,149867.7263941479,193995.65754221813
2026-01-05,1347403.7607827922,506056.56348795415,150465.1107590467,195287.6901194488
2026-01-06,1517131.87487443,531512.0208346208,151002.10518774582,196449.11036483498
2026-01-07,1534998.1266614418,530704.6307635879,150709.3229811387,195815.87626766542
2026-01-08,1497777.029081736,527658.2377591454,150700.13146616775,195795.99671025755
2026-01-09,1499265.7650746377,527238.1075207579,151298.83004942333,197090.87170023005
2026-01-12,1552864.2364612343,537179.9308048441,151441.93560683494,197400.38271696024
2026-01-13,1407701.8991054941,515824.44244437513,151259.44356635254,197005.68597689996
2026-01-14,1408782.805531619,526944.7847536436,150811.9005172412,196037.35914832365
2026-01-15,1411754.3334218387,518437.7987040665,151058.2259249644,196571.21279023896
2026-01-16,1422849.6665537218,539176.3558536954,150982.2298743965,196406.50883727742
2026-01-20,1382780.3600069506,519172.5471573476,149137.4203488452,192408.30868018145
2026-01-21,1395959.2609805972,514800.4407458424,150162.02752414934,194628.9089711727
2026-01-22,1423106.438761149,539868.1509917129,150631.08701589,195645.48748922022
2026-01-23,1408707.4814172657,519569.35279085475,150663.84296907595,195716.47848062613
2026-01-26,1404581.2767402418,499773.8162854744,151122.4263136795,196710.35236030896
2026-01-27,1412291.5999793466,509506.5801399029,151484.053316382,197494.09567851585
2026-01-28,1420725.4584217889,519323.7245132278,151474.88068984286,197474.216121108
2026-01-29,1413358.5322459354,501387.8513376278,151295.0204724056,197082.34446200455
2026-01-30,1409143.1230388004,478826.9028514512,151024.63991141427,196494.53697334937
2026-02-02,1416148.4209401223,476866.3738351298,151473.96672250173,197471.37370836615
2026-02-03,1404174.371794088,479178.8604072206,150705.93923896286,195801.68153574123
2026-02-04,1397372.6664117486,456486.09830801,150269.6710555889,194853.2342645728
2026-02-05,1379920.5118434746,429288.28071374085,149150.27241341426,192419.6609993638
2026-02-06,1406394.002565753,465728.97427172854,150848.3085757809,196111.19255247142
2026-02-09,1413175.3238375227,473369.48816758324,151283.26930192346,197056.79741089803
2026-02-10,1409448.6361106313,466025.1463478595,151044.23582528473,196537.1385009069
2026-02-11,1409122.863221588,461500.57950154867,151023.34042648308,196491.71189239254
2026-02-12,1348334.5443512248,444310.8718919427,149624.93327725166,193456.13640660417
2026-02-13,1410729.5389065703,453366.78574218665,149687.70511016244,193592.43356393234
2026-02-17,1391295.9941026103,449186.6894800648,149831.55988797496,193904.78699340436
2026-02-18,1398147.3293146766,449447.34076023736,150281.44331557967,194881.62372842117
2026-02-19,1398381.3922520191,448886.25547984196,150044.73188310658,194367.64964391373
2026-02-20,1369445.4771308433,442832.2774717355,150692.09434761517,195773.27474010785
2026-02-23,1337956.5883461712,439570.3546489614,149771.4062088275,193774.17466155987
2026-02-24,1361263.9504641432,446340.54259626276,150420.0697680417,195182.62483871085
2026-02-25,1410287.9492885359,477027.3813793092,151178.59999920192,196829.62970475608
2026-02-26,1567234.664169934,495168.37831395416,150675.09231250582,195736.35803803397
2026-02-27,1510594.3738247973,479383.5898133081,150244.68714011757,194796.43800509107
2026-03-02,1602900.4301679602,486806.0036423587,150296.02627106983,194907.1881113127
2026-03-03,1493810.15867109,471875.7518063489,149499.6430664715,193189.20958564652
2026-03-04,1547517.5267505336,479042.39491463854,150131.48395465314,194552.2331542831
2026-03-05,1503881.5880702871,471157.5508670202,149628.6416715685,193467.4887257865
2026-03-06,1376329.6155281018,456792.3131326999,148453.15232720264,190931.6925925814
2026-03-09,1406540.6343680718,462248.60828717705,149228.47765038846,192604.2445097332
2026-03-10,1456889.3120911915,463735.9701261206,149084.99321538425,192294.71616121798
2026-03-11,1819399.5017849782,489578.9527060861,148973.107653938,192053.35372315187
2026-03-12,1675064.301590202,470490.1595734741,147621.2254112846,189137.03825002565
2026-03-13,1715757.514801143,472964.8831857955,147843.3627911812,189619.7804579429
