date,label,cash,gross_exposure,equity,cash_weight
2022-10-20,equal_weight,0.0,101315.940490561,101315.940490561,0.0
2022-10-21,equal_weight,0.0,102991.82192611338,102991.82192611338,0.0
2022-10-24,equal_weight,0.0,102983.92621876462,102983.92621876462,0.0
2022-10-25,equal_weight,0.0,107629.06687573822,107629.06687573822,0.0
2022-10-26,equal_weight,0.0,107812.18085338248,107812.18085338248,0.0
2022-10-27,equal_weight,0.0,104029.36045908736,104029.36045908736,0.0
2022-10-28,equal_weight,0.0,107455.29517290564,107455.29517290564,0.0
2022-10-31,equal_weight,0.0,107773.65775869414,107773.65775869414,0.0
2022-11-01,equal_weight,0.0,105620.4857518642,105620.4857518642,0.0
2022-11-02,equal_weight,0.0,102252.96663549551,102252.96663549551,0.0
2022-11-03,equal_weight,0.0,100932.32853141433,100932.32853141433,0.0
2022-11-04,equal_weight,0.0,102325.02524710876,102325.02524710876,0.0
2022-11-07,equal_weight,0.0,102883.15886413834,102883.15886413834,0.0
2022-11-08,equal_weight,0.0,103281.32713210146,103281.32713210146,0.0
2022-11-09,equal_weight,0.0,98042.52945639247,98042.52945639247,0.0
2022-11-10,equal_weight,0.0,108363.83231883543,108363.83231883543,0.0
2022-11-11,equal_weight,0.0,113465.39054436116,113465.39054436116,0.0
2022-11-14,equal_weight,0.0,116425.28534440402,116425.28534440402,0.0
2022-11-15,equal_weight,0.0,116280.85038712953,116280.85038712953,0.0
2022-11-16,equal_weight,0.0,110918.84180020588,110918.84180020588,0.0
2022-11-17,equal_weight,0.0,107526.45953252804,107526.45953252804,0.0
2022-11-18,equal_weight,0.0,106977.8982115877,106977.8982115877,0.0
2022-11-21,equal_weight,0.0,105279.29528994311,105279.29528994311,0.0
2022-11-22,equal_weight,0.0,106416.89644814696,106416.89644814696,0.0
2022-11-23,equal_weight,0.0,108350.05227629683,108350.05227629683,0.0
2022-11-25,equal_weight,0.0,106721.58361595025,106721.58361595025,0.0
2022-11-28,equal_weight,0.0,104302.45405501539,104302.45405501539,0.0
2022-11-29,equal_weight,0.0,103848.59093864977,103848.59093864977,0.0
2022-11-30,equal_weight,0.0,110734.41407955656,110734.41407955656,0.0
2022-12-01,equal_weight,0.0,108998.95359603528,108998.95359603528,0.0
2022-12-02,equal_weight,0.0,107887.97187723512,107887.97187723512,0.0
2022-12-05,equal_weight,0.0,105233.29519036712,105233.29519036712,0.0
2022-12-06,equal_weight,0.0,101580.87163365976,101580.87163365976,0.0
2022-12-07,equal_weight,0.0,100955.4897004179,100955.4897004179,0.0
2022-12-08,equal_weight,0.0,103605.49696138818,103605.49696138818,0.0
2022-12-09,equal_weight,0.0,102708.38737320175,102708.38737320175,0.0
2022-12-12,equal_weight,0.0,101992.78351968538,101992.78351968538,0.0
2022-12-13,equal_weight,0.0,101592.31899372676,101592.31899372676,0.0
2022-12-14,equal_weight,0.0,100075.9822731049,100075.9822731049,0.0
2022-12-15,equal_weight,0.0,96064.70928339752,96064.70928339752,0.0
2022-12-16,equal_weight,0.0,94155.14027206345,94155.14027206345,0.0
2022-12-19,equal_weight,0.0,90974.29890337602,90974.29890337602,0.0
2022-12-20,equal_weight,0.0,90986.99950060279,90986.99950060279,0.0
2022-12-21,equal_weight,0.0,92862.81910063415,92862.81910063415,0.0
2022-12-22,equal_weight,0.0,89439.97841019034,89439.97841019034,0.0
2022-12-23,equal_weight,0.0,88708.48633677186,88708.48633677186,0.0
2022-12-27,equal_weight,0.0,85461.32398637444,85461.32398637444,0.0
2022-12-28,equal_weight,0.0,85170.19480720231,85170.19480720231,0.0
2022-12-29,equal_weight,0.0,89929.61579130862,89929.61579130862,0.0
2022-12-30,equal_weight,0.0,89679.43684808593,89679.43684808593,0.0
2023-01-03,equal_weight,0.0,90089.46046216004,90089.46046216004,0.0
2023-01-04,equal_weight,0.0,92599.78581328751,92599.78581328751,0.0
2023-01-05,equal_weight,0.0,91034.82903973805,91034.82903973805,0.0
2023-01-06,equal_weight,0.0,94201.61477199208,94201.61477199208,0.0
2023-01-09,equal_weight,0.0,96053.03277203055,96053.03277203055,0.0
2023-01-10,equal_weight,0.0,96535.90549161805,96535.90549161805,0.0
2023-01-11,equal_weight,0.0,98311.53947109825,98311.53947109825,0.0
2023-01-12,equal_weight,0.0,101707.61884386616,101707.61884386616,0.0
2023-01-13,equal_weight,0.0,104770.15659106431,104770.15659106431,0.0
2023-01-17,equal_weight,0.0,104518.97062443697,104518.97062443697,0.0
2023-01-18,equal_weight,0.0,101786.78883982533,101786.78883982533,0.0
2023-01-19,equal_weight,0.0,99415.31283344804,99415.31283344804,0.0
2023-01-20,equal_weight,0.0,103299.47117659604,103299.47117659604,0.0
2023-01-23,equal_weight,0.0,107147.73513452418,107147.73513452418,0.0
2023-01-24,equal_weight,0.0,107220.40370127861,107220.40370127861,0.0
2023-01-25,equal_weight,0.0,108328.28262224054,108328.28262224054,0.0
2023-01-26,equal_weight,0.0,109548.26047452047,109548.26047452047,0.0
2023-01-27,equal_weight,0.0,110495.33774488687,110495.33774488687,0.0
2023-01-30,equal_weight,0.0,108055.48596239417,108055.48596239417,0.0
2023-01-31,equal_weight,0.0,108898.55960446136,108898.55960446136,0.0
2023-02-01,equal_weight,0.0,115016.32063106183,115016.32063106183,0.0
2023-02-02,equal_weight,0.0,122421.64530477952,122421.64530477952,0.0
2023-02-03,equal_weight,0.0,121453.31827174043,121453.31827174043,0.0
2023-02-06,equal_weight,0.0,119675.53383921825,119675.53383921825,0.0
2023-02-07,equal_weight,0.0,119459.92006759891,119459.92006759891,0.0
2023-02-08,equal_weight,0.0,117052.14517700324,117052.14517700324,0.0
2023-02-09,equal_weight,0.0,113374.16938499389,113374.16938499389,0.0
2023-02-10,equal_weight,0.0,113773.21164869542,113773.21164869542,0.0
2023-02-13,equal_weight,0.0,114977.39985281765,114977.39985281765,0.0
2023-02-14,equal_weight,0.0,117581.2826402,117581.2826402,0.0
2023-02-15,equal_weight,0.0,122819.63877051152,122819.63877051152,0.0
2023-02-16,equal_weight,0.0,119637.59617139096,119637.59617139096,0.0
2023-02-17,equal_weight,0.0,116652.08156026473,116652.08156026473,0.0
2023-02-21,equal_weight,0.0,110326.62299107543,110326.62299107543,0.0
2023-02-22,equal_weight,0.0,112759.24334841121,112759.24334841121,0.0
2023-02-23,equal_weight,0.0,115179.02985927105,115179.02985927105,0.0
2023-02-24,equal_weight,0.0,115045.5573229393,115045.5573229393,0.0
2023-02-27,equal_weight,0.0,117363.6999735469,117363.6999735469,0.0
2023-02-28,equal_weight,0.0,118075.11377172351,118075.11377172351,0.0
2023-03-01,equal_weight,0.0,114950.16189764836,114950.16189764836,0.0
2023-03-02,equal_weight,0.0,116147.34643147903,116147.34643147903,0.0
2023-03-03,equal_weight,0.0,120080.51457076008,120080.51457076008,0.0
2023-03-06,equal_weight,0.0,119462.8514739897,119462.8514739897,0.0
2023-03-07,equal_weight,0.0,118765.3497342901,118765.3497342901,0.0
2023-03-08,equal_weight,0.0,121760.99410146862,121760.99410146862,0.0
2023-03-09,equal_weight,0.0,117283.06338834047,117283.06338834047,0.0
2023-03-10,equal_weight,0.0,114024.91811406444,114024.91811406444,0.0
2023-03-13,equal_weight,0.0,116134.06506448892,116134.06506448892,0.0
2023-03-14,equal_weight,0.0,118272.63757686132,118272.63757686132,0.0
2023-03-15,equal_weight,0.0,115973.08142565205,115973.08142565205,0.0
2023-03-16,equal_weight,0.0,120423.6703832873,120423.6703832873,0.0
2023-03-17,equal_weight,0.0,118197.5767994049,118197.5767994049,0.0
2023-03-20,equal_weight,0.0,118142.9173004264,118142.9173004264,0.0
2023-03-21,equal_weight,0.0,123639.70506592182,123639.70506592182,0.0
2023-03-22,equal_weight,0.0,120045.40380540858,120045.40380540858,0.0
2023-03-23,equal_weight,0.0,121918.00598471407,121918.00598471407,0.0
2023-03-24,equal_weight,0.0,120650.17881400089,120650.17881400089,0.0
2023-03-27,equal_weight,0.0,123722.70441017693,123722.70441017693,0.0
2023-03-28,equal_weight,0.0,118988.5470804422,118988.5470804422,0.0
2023-03-29,equal_weight,0.0,124677.1336476749,124677.1336476749,0.0
2023-03-30,equal_weight,0.0,125106.95133471614,125106.95133471614,0.0
2023-03-31,equal_weight,0.0,134184.72758885648,134184.72758885648,0.0
2023-04-03,equal_weight,0.0,133870.2793265509,133870.2793265509,0.0
2023-04-04,equal_weight,0.0,139169.02567904192,139169.02567904192,0.0
2023-04-05,equal_weight,0.0,134489.95946822717,134489.95946822717,0.0
2023-04-06,equal_weight,0.0,135469.42015396451,135469.42015396451,0.0
2023-04-10,equal_weight,0.0,136622.54857913635,136622.54857913635,0.0
2023-04-11,equal_weight,0.0,135554.15285327894,135554.15285327894,0.0
2023-04-12,equal_weight,0.0,133274.46261431626,133274.46261431626,0.0
2023-04-13,equal_weight,0.0,135797.5200755058,135797.5200755058,0.0
2023-04-14,equal_weight,0.0,135251.7170744948,135251.7170744948,0.0
2023-04-17,equal_weight,0.0,134747.77554029625,134747.77554029625,0.0
2023-04-18,equal_weight,0.0,134821.0065574026,134821.0065574026,0.0
2023-04-19,equal_weight,0.0,133443.69881762902,133443.69881762902,0.0
2023-04-20,equal_weight,0.0,131845.69221826197,131845.69221826197,0.0
2023-04-21,equal_weight,0.0,133212.5726431041,133212.5726431041,0.0
2023-04-24,equal_weight,0.0,128909.53928500175,128909.53928500175,0.0
2023-04-25,equal_weight,0.0,122069.29394696621,122069.29394696621,0.0
2023-04-26,equal_weight,0.0,120772.81635150258,120772.81635150258,0.0
2023-04-27,equal_weight,0.0,122080.91372732523,122080.91372732523,0.0
2023-04-28,equal_weight,0.0,122544.38617587081,122544.38617587081,0.0
2023-05-01,equal_weight,0.0,122597.5628216272,122597.5628216272,0.0
2023-05-02,equal_weight,0.0,121339.99508484012,121339.99508484012,0.0
2023-05-03,equal_weight,0.0,122795.5406667614,122795.5406667614,0.0
2023-05-04,equal_weight,0.0,123291.24451255977,123291.24451255977,0.0
2023-05-05,equal_weight,0.0,128820.66638855569,128820.66638855569,0.0
2023-05-08,equal_weight,0.0,132451.55205990194,132451.55205990194,0.0
2023-05-09,equal_weight,0.0,132920.39236122434,132920.39236122434,0.0
2023-05-10,equal_weight,0.0,136688.97889329257,136688.97889329257,0.0
2023-05-11,equal_weight,0.0,136030.673172672,136030.673172672,0.0
2023-05-12,equal_weight,0.0,132338.72466915607,132338.72466915607,0.0
2023-05-15,equal_weight,0.0,139849.2559903672,139849.2559903672,0.0
2023-05-16,equal_weight,0.0,150182.46980049933,150182.46980049933,0.0
2023-05-17,equal_weight,0.0,157835.4005331137,157835.4005331137,0.0
2023-05-18,equal_weight,0.0,160359.13840372214,160359.13840372214,0.0
2023-05-19,equal_weight,0.0,159138.79373855924,159138.79373855924,0.0
2023-05-22,equal_weight,0.0,173067.48817109098,173067.48817109098,0.0
2023-05-23,equal_weight,0.0,173734.6127692507,173734.6127692507,0.0
2023-05-24,equal_weight,0.0,159891.0453843305,159891.0453843305,0.0
2023-05-25,equal_weight,0.0,156469.67220475266,156469.67220475266,0.0
2023-05-26,equal_weight,0.0,165896.40766445373,165896.40766445373,0.0
2023-05-30,equal_weight,0.0,170206.61629919504,170206.61629919504,0.0
2023-05-31,equal_weight,0.0,169132.99922796155,169132.99922796155,0.0
2023-06-01,equal_weight,0.0,171347.86069618317,171347.86069618317,0.0
2023-06-02,equal_weight,0.0,166364.5209660711,166364.5209660711,0.0
2023-06-05,equal_weight,0.0,169307.29989281122,169307.29989281122,0.0
2023-06-06,equal_weight,0.0,169367.96292238584,169367.96292238584,0.0
2023-06-07,equal_weight,0.0,167192.55847225047,167192.55847225047,0.0
2023-06-08,equal_weight,0.0,174222.87494649243,174222.87494649243,0.0
2023-06-09,equal_weight,0.0,173672.3488283807,173672.3488283807,0.0
2023-06-12,equal_weight,0.0,177221.34029342415,177221.34029342415,0.0
2023-06-13,equal_weight,0.0,179251.4199752768,179251.4199752768,0.0
2023-06-14,equal_weight,0.0,176844.43093897347,176844.43093897347,0.0
2023-06-15,equal_weight,0.0,176006.84580905433,176006.84580905433,0.0
2023-06-16,equal_weight,0.0,173599.43228623728,173599.43228623728,0.0
2023-06-20,equal_weight,0.0,170109.36257239786,170109.36257239786,0.0
2023-06-21,equal_weight,0.0,167960.70238414593,167960.70238414593,0.0
2023-06-22,equal_weight,0.0,169600.05232906895,169600.05232906895,0.0
2023-06-23,equal_weight,0.0,168150.44983983634,168150.44983983634,0.0
2023-06-26,equal_weight,0.0,172108.1991053748,172108.1991053748,0.0
2023-06-27,equal_weight,0.0,177126.01492755124,177126.01492755124,0.0
2023-06-28,equal_weight,0.0,190204.89344456024,190204.89344456024,0.0
2023-06-29,equal_weight,0.0,191754.88462594888,191754.88462594888,0.0
2023-06-30,equal_weight,0.0,195637.43511499694,195637.43511499694,0.0
2023-07-03,equal_weight,0.0,194997.3147810102,194997.3147810102,0.0
2023-07-05,equal_weight,0.0,198218.58418820915,198218.58418820915,0.0
2023-07-06,equal_weight,0.0,191500.18569362804,191500.18569362804,0.0
2023-07-07,equal_weight,0.0,192112.17803324456,192112.17803324456,0.0
2023-07-10,equal_weight,0.0,195633.22308729688,195633.22308729688,0.0
2023-07-11,equal_weight,0.0,195667.85806037838,195667.85806037838,0.0
2023-07-12,equal_weight,0.0,199975.49496471073,199975.49496471073,0.0
2023-07-13,equal_weight,0.0,201948.04290531157,201948.04290531157,0.0
2023-07-14,equal_weight,0.0,195323.9406892239,195323.9406892239,0.0
2023-07-17,equal_weight,0.0,202690.68262109818,202690.68262109818,0.0
2023-07-18,equal_weight,0.0,207505.2870743746,207505.2870743746,0.0
2023-07-19,equal_weight,0.0,205340.38869945463,205340.38869945463,0.0
2023-07-20,equal_weight,0.0,198227.6902874585,198227.6902874585,0.0
2023-07-21,equal_weight,0.0,196459.90058427642,196459.90058427642,0.0
2023-07-24,equal_weight,0.0,196378.1742017312,196378.1742017312,0.0
2023-07-25,equal_weight,0.0,202030.82394130883,202030.82394130883,0.0
2023-07-26,equal_weight,0.0,203147.7222391177,203147.7222391177,0.0
2023-07-27,equal_weight,0.0,200989.83992146875,200989.83992146875,0.0
2023-07-28,equal_weight,0.0,212091.29072969774,212091.29072969774,0.0
2023-07-31,equal_weight,0.0,219135.46821010357,219135.46821010357,0.0
2023-08-01,equal_weight,0.0,222142.03564709367,222142.03564709367,0.0
2023-08-02,equal_weight,0.0,210818.824238712,210818.824238712,0.0
2023-08-03,equal_weight,0.0,210107.45998800837,210107.45998800837,0.0
2023-08-04,equal_weight,0.0,205733.09033166818,205733.09033166818,0.0
2023-08-07,equal_weight,0.0,198878.53092572727,198878.53092572727,0.0
2023-08-08,equal_weight,0.0,196600.1429245976,196600.1429245976,0.0
2023-08-09,equal_weight,0.0,191334.45146774413,191334.45146774413,0.0
2023-08-10,equal_weight,0.0,190611.91039458007,190611.91039458007,0.0
2023-08-11,equal_weight,0.0,191999.91269038577,191999.91269038577,0.0
2023-08-14,equal_weight,0.0,191897.05014889166,191897.05014889166,0.0
2023-08-15,equal_weight,0.0,195087.93767486676,195087.93767486676,0.0
2023-08-16,equal_weight,0.0,184251.7505807469,184251.7505807469,0.0
2023-08-17,equal_weight,0.0,178658.71455826212,178658.71455826212,0.0
2023-08-18,equal_weight,0.0,180688.95359954087,180688.95359954087,0.0
2023-08-21,equal_weight,0.0,187549.24296763458,187549.24296763458,0.0
2023-08-22,equal_weight,0.0,189291.8169643635,189291.8169643635,0.0
2023-08-23,equal_weight,0.0,195076.49897047077,195076.49897047077,0.0
2023-08-24,equal_weight,0.0,186875.50571985333,186875.50571985333,0.0
2023-08-25,equal_weight,0.0,188847.07439208863,188847.07439208863,0.0
2023-08-28,equal_weight,0.0,191028.85452068885,191028.85452068885,0.0
2023-08-29,equal_weight,0.0,195345.8179218702,195345.8179218702,0.0
2023-08-30,equal_weight,0.0,199249.7474136126,199249.7474136126,0.0
2023-08-31,equal_weight,0.0,201727.78412576416,201727.78412576416,0.0
2023-09-01,equal_weight,0.0,202397.8617472094,202397.8617472094,0.0
2023-09-05,equal_weight,0.0,205910.3601077217,205910.3601077217,0.0
2023-09-06,equal_weight,0.0,206935.47078340128,206935.47078340128,0.0
2023-09-07,equal_weight,0.0,198553.23348729298,198553.23348729298,0.0
2023-09-08,equal_weight,0.0,203792.78650662504,203792.78650662504,0.0
2023-09-11,equal_weight,0.0,204743.14109857898,204743.14109857898,0.0
2023-09-12,equal_weight,0.0,202707.20411312272,202707.20411312272,0.0
2023-09-13,equal_weight,0.0,199282.11262424642,199282.11262424642,0.0
2023-09-14,equal_weight,0.0,198461.58428702247,198461.58428702247,0.0
2023-09-15,equal_weight,0.0,193295.50765584112,193295.50765584112,0.0
2023-09-18,equal_weight,0.0,191538.8859462279,191538.8859462279,0.0
2023-09-19,equal_weight,0.0,188965.30993990088,188965.30993990088,0.0
2023-09-20,equal_weight,0.0,183660.9002257886,183660.9002257886,0.0
2023-09-21,equal_weight,0.0,175580.86060489426,175580.86060489426,0.0
2023-09-22,equal_weight,0.0,175604.43119817818,175604.43119817818,0.0
2023-09-25,equal_weight,0.0,176797.06141571002,176797.06141571002,0.0
2023-09-26,equal_weight,0.0,173015.37729627703,173015.37729627703,0.0
2023-09-27,equal_weight,0.0,177220.44259020637,177220.44259020637,0.0
2023-09-28,equal_weight,0.0,181126.1223956745,181126.1223956745,0.0
2023-09-29,equal_weight,0.0,180290.33566552037,180290.33566552037,0.0
2023-10-02,equal_weight,0.0,180427.19183685712,180427.19183685712,0.0
2023-10-03,equal_weight,0.0,174520.0561864134,174520.0561864134,0.0
2023-10-04,equal_weight,0.0,178424.12791067376,178424.12791067376,0.0
2023-10-05,equal_weight,0.0,175306.24125617486,175306.24125617486,0.0
2023-10-06,equal_weight,0.0,179136.51471803407,179136.51471803407,0.0
2023-10-09,equal_weight,0.0,175153.10028162488,175153.10028162488,0.0
2023-10-10,equal_weight,0.0,181847.86922735127,181847.86922735127,0.0
2023-10-11,equal_weight,0.0,181013.296554964,181013.296554964,0.0
2023-10-12,equal_weight,0.0,178777.42842414224,178777.42842414224,0.0
2023-10-13,equal_weight,0.0,172784.4520515203,172784.4520515203,0.0
2023-10-16,equal_weight,0.0,174135.2666866586,174135.2666866586,0.0
2023-10-17,equal_weight,0.0,174024.4085842899,174024.4085842899,0.0
2023-10-18,equal_weight,0.0,169851.64917186077,169851.64917186077,0.0
2023-10-19,equal_weight,0.0,168086.5274413367,168086.5274413367,0.0
2023-10-20,equal_weight,0.0,163116.99677457224,163116.99677457224,0.0
2023-10-23,equal_weight,0.0,161784.9690974821,161784.9690974821,0.0
2023-10-24,equal_weight,0.0,158999.57073283236,158999.57073283236,0.0
2023-10-25,equal_weight,0.0,153282.55462708158,153282.55462708158,0.0
2023-10-26,equal_weight,0.0,149861.12632526003,149861.12632526003,0.0
2023-10-27,equal_weight,0.0,150183.1098517546,150183.1098517546,0.0
2023-10-30,equal_weight,0.0,146797.88106326308,146797.88106326308,0.0
2023-10-31,equal_weight,0.0,150690.73124684978,150690.73124684978,0.0
2023-11-01,equal_weight,0.0,155252.18985824584,155252.18985824584,0.0
2023-11-02,equal_weight,0.0,162361.86143937422,162361.86143937422,0.0
2023-11-03,equal_weight,0.0,167267.63180446567,167267.63180446567,0.0
2023-11-06,equal_weight,0.0,164840.8154684364,164840.8154684364,0.0
2023-11-07,equal_weight,0.0,166648.26219893075,166648.26219893075,0.0
2023-11-08,equal_weight,0.0,165085.74861545523,165085.74861545523,0.0
2023-11-09,equal_weight,0.0,162807.25237215692,162807.25237215692,0.0
2023-11-10,equal_weight,0.0,166260.64112755848,166260.64112755848,0.0
2023-11-13,equal_weight,0.0,167608.2873040345,167608.2873040345,0.0
2023-11-14,equal_weight,0.0,176293.0083139223,176293.0083139223,0.0
2023-11-15,equal_weight,0.0,178774.59166484998,178774.59166484998,0.0
2023-11-16,equal_weight,0.0,177098.97527379513,177098.97527379513,0.0
2023-11-17,equal_weight,0.0,180190.42208870355,180190.42208870355,0.0
2023-11-20,equal_weight,0.0,182682.74564952918,182682.74564952918,0.0
2023-11-21,equal_weight,0.0,178817.4864099285,178817.4864099285,0.0
2023-11-22,equal_weight,0.0,181119.63844730993,181119.63844730993,0.0
2023-11-24,equal_weight,0.0,181827.04588748288,181827.04588748288,0.0
2023-11-27,equal_weight,0.0,179106.02358233448,179106.02358233448,0.0
2023-11-28,equal_weight,0.0,180465.1297710018,180465.1297710018,0.0
2023-11-29,equal_weight,0.0,181122.56802583634,181122.56802583634,0.0
2023-11-30,equal_weight,0.0,179503.62862390035,179503.62862390035,0.0
2023-12-01,equal_weight,0.0,186382.7036286208,186382.7036286208,0.0
2023-12-04,equal_weight,0.0,186924.33357950515,186924.33357950515,0.0
2023-12-05,equal_weight,0.0,183435.7199018351,183435.7199018351,0.0
2023-12-06,equal_weight,0.0,183883.5659517663,183883.5659517663,0.0
2023-12-07,equal_weight,0.0,187564.47441471575,187564.47441471575,0.0
2023-12-08,equal_weight,0.0,189498.2200610981,189498.2200610981,0.0
2023-12-11,equal_weight,0.0,187777.82376234076,187777.82376234076,0.0
2023-12-12,equal_weight,0.0,187155.91302677518,187155.91302677518,0.0
2023-12-13,equal_weight,0.0,192897.121878094,192897.121878094,0.0
2023-12-14,equal_weight,0.0,200728.59035879534,200728.59035879534,0.0
2023-12-15,equal_weight,0.0,200728.24666248204,200728.24666248204,0.0
2023-12-18,equal_weight,0.0,199912.19083893037,199912.19083893037,0.0
2023-12-19,equal_weight,0.0,199977.91650639844,199977.91650639844,0.0
2023-12-20,equal_weight,0.0,193109.62554565622,193109.62554565622,0.0
2023-12-21,equal_weight,0.0,197216.51375887095,197216.51375887095,0.0
2023-12-22,equal_weight,0.0,197177.34785134648,197177.34785134648,0.0
2023-12-26,equal_weight,0.0,198544.77316735548,198544.77316735548,0.0
2023-12-27,equal_weight,0.0,197556.28881402907,197556.28881402907,0.0
2023-12-28,equal_weight,0.0,197380.50283582642,197380.50283582642,0.0
2023-12-29,equal_weight,0.0,192750.32787349483,192750.32787349483,0.0
2024-01-02,equal_weight,0.0,188106.11090892678,188106.11090892678,0.0
2024-01-03,equal_weight,0.0,183855.11311317098,183855.11311317098,0.0
2024-01-04,equal_weight,0.0,184090.86904576025,184090.86904576025,0.0
2024-01-05,equal_weight,0.0,182104.17980526068,182104.17980526068,0.0
2024-01-08,equal_weight,0.0,187784.21528222796,187784.21528222796,0.0
2024-01-09,equal_weight,0.0,186890.40719208383,186890.40719208383,0.0
2024-01-10,equal_weight,0.0,185792.09442627907,185792.09442627907,0.0
2024-01-11,equal_weight,0.0,181050.28991713873,181050.28991713873,0.0
2024-01-12,equal_weight,0.0,179887.32490284223,179887.32490284223,0.0
2024-01-16,equal_weight,0.0,176718.00826688512,176718.00826688512,0.0
2024-01-17,equal_weight,0.0,174034.96554768126,174034.96554768126,0.0
2024-01-18,equal_weight,0.0,175075.09051165753,175075.09051165753,0.0
2024-01-19,equal_weight,0.0,177943.4780481289,177943.4780481289,0.0
2024-01-22,equal_weight,0.0,183182.3926438663,183182.3926438663,0.0
2024-01-23,equal_weight,0.0,183762.7040604493,183762.7040604493,0.0
2024-01-24,equal_weight,0.0,180312.87726310262,180312.87726310262,0.0
2024-01-25,equal_weight,0.0,181115.73654715403,181115.73654715403,0.0
2024-01-26,equal_weight,0.0,178774.33911005006,178774.33911005006,0.0
2024-01-29,equal_weight,0.0,181884.74633509052,181884.74633509052,0.0
2024-01-30,equal_weight,0.0,177391.07452581776,177391.07452581776,0.0
2024-01-31,equal_weight,0.0,171229.98023214468,171229.98023214468,0.0
2024-02-01,equal_weight,0.0,171824.26102414975,171824.26102414975,0.0
2024-02-02,equal_weight,0.0,172793.72346802536,172793.72346802536,0.0
2024-02-05,equal_weight,0.0,170625.8175176103,170625.8175176103,0.0
2024-02-06,equal_weight,0.0,173897.6325793242,173897.6325793242,0.0
2024-02-07,equal_weight,0.0,174385.9871679315,174385.9871679315,0.0
2024-02-08,equal_weight,0.0,181244.0376472195,181244.0376472195,0.0
2024-02-09,equal_weight,0.0,185715.05236113688,185715.05236113688,0.0
2024-02-12,equal_weight,0.0,188221.27407158172,188221.27407158172,0.0
2024-02-13,equal_weight,0.0,179146.452741577,179146.452741577,0.0
2024-02-14,equal_weight,0.0,184718.96586350756,184718.96586350756,0.0
2024-02-15,equal_weight,0.0,185020.3399701502,185020.3399701502,0.0
2024-02-16,equal_weight,0.0,180937.05432991404,180937.05432991404,0.0
2024-02-20,equal_weight,0.0,179086.19203817597,179086.19203817597,0.0
2024-02-21,equal_weight,0.0,176903.0140944965,176903.0140944965,0.0
2024-02-22,equal_weight,0.0,179981.45899987186,179981.45899987186,0.0
2024-02-23,equal_weight,0.0,177204.54239113093,177204.54239113093,0.0
2024-02-26,equal_weight,0.0,179336.29814957027,179336.29814957027,0.0
2024-02-27,equal_weight,0.0,181261.1890412129,181261.1890412129,0.0
2024-02-28,equal_weight,0.0,179934.53864840596,179934.53864840596,0.0
2024-02-29,equal_weight,0.0,179803.93129321787,179803.93129321787,0.0
2024-03-01,equal_weight,0.0,178400.6492361303,178400.6492361303,0.0
2024-03-04,equal_weight,0.0,176799.22302556926,176799.22302556926,0.0
2024-03-05,equal_weight,0.0,169673.1695659547,169673.1695659547,0.0
2024-03-06,equal_weight,0.0,172116.0558407418,172116.0558407418,0.0
2024-03-07,equal_weight,0.0,177342.00325063552,177342.00325063552,0.0
2024-03-08,equal_weight,0.0,171949.5768039457,171949.5768039457,0.0
2024-03-11,equal_weight,0.0,169978.6887547701,169978.6887547701,0.0
2024-03-12,equal_weight,0.0,171985.29041849935,171985.29041849935,0.0
2024-03-13,equal_weight,0.0,169997.64201394893,169997.64201394893,0.0
2024-03-14,equal_weight,0.0,164257.51611710046,164257.51611710046,0.0
2024-03-15,equal_weight,0.0,163197.14185644445,163197.14185644445,0.0
2024-03-18,equal_weight,0.0,165607.42062103696,165607.42062103696,0.0
2024-03-19,equal_weight,0.0,165211.95635422872,165211.95635422872,0.0
2024-03-20,equal_weight,0.0,167103.17289090838,167103.17289090838,0.0
2024-03-21,equal_weight,0.0,164745.26573022336,164745.26573022336,0.0
2024-03-22,equal_weight,0.0,162998.1640780029,162998.1640780029,0.0
2024-03-25,equal_weight,0.0,164759.1565854142,164759.1565854142,0.0
2024-03-26,equal_weight,0.0,161439.90408200427,161439.90408200427,0.0
2024-03-27,equal_weight,0.0,166296.19805169394,166296.19805169394,0.0
2024-03-28,equal_weight,0.0,169839.020686446,169839.020686446,0.0
2024-04-01,equal_weight,0.0,170667.479910946,170667.479910946,0.0
2024-04-02,equal_weight,0.0,165390.02181077286,165390.02181077286,0.0
2024-04-03,equal_weight,0.0,165081.65580062513,165081.65580062513,0.0
2024-04-04,equal_weight,0.0,162167.8058638137,162167.8058638137,0.0
2024-04-05,equal_weight,0.0,164008.66364481254,164008.66364481254,0.0
2024-04-08,equal_weight,0.0,160366.13138319505,160366.13138319505,0.0
2024-04-09,equal_weight,0.0,161781.28896363892,161781.28896363892,0.0
2024-04-10,equal_weight,0.0,155733.80724867276,155733.80724867276,0.0
2024-04-11,equal_weight,0.0,158288.55256325842,158288.55256325842,0.0
2024-04-12,equal_weight,0.0,155688.1429050714,155688.1429050714,0.0
2024-04-15,equal_weight,0.0,150964.8656747109,150964.8656747109,0.0
2024-04-16,equal_weight,0.0,149765.41815577517,149765.41815577517,0.0
2024-04-17,equal_weight,0.0,146373.11874573733,146373.11874573733,0.0
2024-04-18,equal_weight,0.0,146153.54475355736,146153.54475355736,0.0
2024-04-19,equal_weight,0.0,141700.09063941886,141700.09063941886,0.0
2024-04-22,equal_weight,0.0,144625.50874745258,144625.50874745258,0.0
2024-04-23,equal_weight,0.0,149040.60832638913,149040.60832638913,0.0
2024-04-24,equal_weight,0.0,153337.03986832692,153337.03986832692,0.0
2024-04-25,equal_weight,0.0,153001.70589318714,153001.70589318714,0.0
2024-04-26,equal_weight,0.0,160624.38626965228,160624.38626965228,0.0
2024-04-29,equal_weight,0.0,160591.47811313212,160591.47811313212,0.0
2024-04-30,equal_weight,0.0,156401.65237092122,156401.65237092122,0.0
2024-05-01,equal_weight,0.0,156378.78681055998,156378.78681055998,0.0
2024-05-02,equal_weight,0.0,159035.6229135716,159035.6229135716,0.0
2024-05-03,equal_weight,0.0,162882.9709729686,162882.9709729686,0.0
2024-05-06,equal_weight,0.0,166694.81757892235,166694.81757892235,0.0
2024-05-07,equal_weight,0.0,162684.97941697936,162684.97941697936,0.0
2024-05-08,equal_weight,0.0,162343.3755201598,162343.3755201598,0.0
2024-05-09,equal_weight,0.0,165640.4668870166,165640.4668870166,0.0
2024-05-10,equal_weight,0.0,158124.9915364191,158124.9915364191,0.0
2024-05-13,equal_weight,0.0,157234.90943597656,157234.90943597656,0.0
2024-05-14,equal_weight,0.0,159938.28794497185,159938.28794497185,0.0
2024-05-15,equal_weight,0.0,159822.22303143513,159822.22303143513,0.0
2024-05-16,equal_weight,0.0,157806.97817946578,157806.97817946578,0.0
2024-05-17,equal_weight,0.0,157285.99236794387,157285.99236794387,0.0
2024-05-20,equal_weight,0.0,157769.2752293521,157769.2752293521,0.0
2024-05-21,equal_weight,0.0,155814.52168715454,155814.52168715454,0.0
2024-05-22,equal_weight,0.0,156598.44918216133,156598.44918216133,0.0
2024-05-23,equal_weight,0.0,153154.31014429065,153154.31014429065,0.0
2024-05-24,equal_weight,0.0,155163.93404818687,155163.93404818687,0.0
2024-05-28,equal_weight,0.0,153914.17225868622,153914.17225868622,0.0
2024-05-29,equal_weight,0.0,152516.1664607331,152516.1664607331,0.0
2024-05-30,equal_weight,0.0,156615.52038591888,156615.52038591888,0.0
2024-05-31,equal_weight,0.0,155327.0520119277,155327.0520119277,0.0
2024-06-03,equal_weight,0.0,155975.66840800492,155975.66840800492,0.0
2024-06-04,equal_weight,0.0,156224.7513916514,156224.7513916514,0.0
2024-06-05,equal_weight,0.0,162890.73179754862,162890.73179754862,0.0
2024-06-06,equal_weight,0.0,163155.57586419987,163155.57586419987,0.0
2024-06-07,equal_weight,0.0,161210.22499748517,161210.22499748517,0.0
2024-06-10,equal_weight,0.0,164236.00861237914,164236.00861237914,0.0
2024-06-11,equal_weight,0.0,162720.13173456877,162720.13173456877,0.0
2024-06-12,equal_weight,0.0,166813.07590224792,166813.07590224792,0.0
2024-06-13,equal_weight,0.0,163975.604227037,163975.604227037,0.0
2024-06-14,equal_weight,0.0,161890.8024638247,161890.8024638247,0.0
2024-06-17,equal_weight,0.0,160914.75319236325,160914.75319236325,0.0
2024-06-18,equal_weight,0.0,158778.89645083484,158778.89645083484,0.0
2024-06-20,equal_weight,0.0,155325.89437761364,155325.89437761364,0.0
2024-06-21,equal_weight,0.0,155407.71568489127,155407.71568489127,0.0
2024-06-24,equal_weight,0.0,153254.264136521,153254.264136521,0.0
2024-06-25,equal_weight,0.0,151700.69316636573,151700.69316636573,0.0
2024-06-26,equal_weight,0.0,153383.21804508916,153383.21804508916,0.0
2024-06-27,equal_weight,0.0,155633.7357635572,155633.7357635572,0.0
2024-06-28,equal_weight,0.0,154597.20626351202,154597.20626351202,0.0
2024-07-01,equal_weight,0.0,153640.53359190866,153640.53359190866,0.0
2024-07-02,equal_weight,0.0,156672.64299550705,156672.64299550705,0.0
2024-07-03,equal_weight,0.0,157821.8676100948,157821.8676100948,0.0
2024-07-05,equal_weight,0.0,160580.77085499914,160580.77085499914,0.0
2024-07-08,equal_weight,0.0,164862.5000247846,164862.5000247846,0.0
2024-07-09,equal_weight,0.0,165353.63226301112,165353.63226301112,0.0
2024-07-10,equal_weight,0.0,170727.7589544007,170727.7589544007,0.0
2024-07-11,equal_weight,0.0,168154.4136530797,168154.4136530797,0.0
2024-07-12,equal_weight,0.0,172823.50095614835,172823.50095614835,0.0
2024-07-15,equal_weight,0.0,176051.1607300822,176051.1607300822,0.0
2024-07-16,equal_weight,0.0,177787.3099794426,177787.3099794426,0.0
2024-07-17,equal_weight,0.0,169981.54245233716,169981.54245233716,0.0
2024-07-18,equal_weight,0.0,164001.85645015154,164001.85645015154,0.0
2024-07-19,equal_weight,0.0,157948.55076461597,157948.55076461597,0.0
2024-07-22,equal_weight,0.0,163608.7823305433,163608.7823305433,0.0
2024-07-23,equal_weight,0.0,164555.08310977404,164555.08310977404,0.0
2024-07-24,equal_weight,0.0,156678.86152348982,156678.86152348982,0.0
2024-07-25,equal_weight,0.0,157478.6292828801,157478.6292828801,0.0
2024-07-26,equal_weight,0.0,158633.3587853131,158633.3587853131,0.0
2024-07-29,equal_weight,0.0,157636.9330729513,157636.9330729513,0.0
2024-07-30,equal_weight,0.0,153472.18966029407,153472.18966029407,0.0
2024-07-31,equal_weight,0.0,158311.43114427003,158311.43114427003,0.0
2024-08-01,equal_weight,0.0,150257.09938772727,150257.09938772727,0.0
2024-08-02,equal_weight,0.0,145197.43893786304,145197.43893786304,0.0
2024-08-05,equal_weight,0.0,138386.65358344797,138386.65358344797,0.0
2024-08-06,equal_weight,0.0,143866.07496992362,143866.07496992362,0.0
2024-08-07,equal_weight,0.0,140877.1802515428,140877.1802515428,0.0
2024-08-08,equal_weight,0.0,143691.0909040831,143691.0909040831,0.0
2024-08-09,equal_weight,0.0,142883.82193978463,142883.82193978463,0.0
2024-08-12,equal_weight,0.0,139330.72363579355,139330.72363579355,0.0
2024-08-13,equal_weight,0.0,145973.12552720623,145973.12552720623,0.0
2024-08-14,equal_weight,0.0,144601.3996317343,144601.3996317343,0.0
2024-08-15,equal_weight,0.0,149072.80533980788,149072.80533980788,0.0
2024-08-16,equal_weight,0.0,148068.46614909402,148068.46614909402,0.0
2024-08-19,equal_weight,0.0,149660.30272860735,149660.30272860735,0.0
2024-08-20,equal_weight,0.0,147461.49093237647,147461.49093237647,0.0
2024-08-21,equal_weight,0.0,151926.5318656073,151926.5318656073,0.0
2024-08-22,equal_weight,0.0,147364.22678232094,147364.22678232094,0.0
2024-08-23,equal_weight,0.0,149486.54871328454,149486.54871328454,0.0
2024-08-26,equal_weight,0.0,150065.8508774465,150065.8508774465,0.0
2024-08-27,equal_weight,0.0,148691.3662596851,148691.3662596851,0.0
2024-08-28,equal_weight,0.0,144730.25383022166,144730.25383022166,0.0
2024-08-29,equal_weight,0.0,148334.20347852045,148334.20347852045,0.0
2024-08-30,equal_weight,0.0,148648.5297788087,148648.5297788087,0.0
2024-09-03,equal_weight,0.0,139047.60873932816,139047.60873932816,0.0
2024-09-04,equal_weight,0.0,138400.19787567965,138400.19787567965,0.0
2024-09-05,equal_weight,0.0,137297.55470981283,137297.55470981283,0.0
2024-09-06,equal_weight,0.0,133226.45280635467,133226.45280635467,0.0
2024-09-09,equal_weight,0.0,132324.34989098,132324.34989098,0.0
2024-09-10,equal_weight,0.0,134578.95214138244,134578.95214138244,0.0
2024-09-11,equal_weight,0.0,139655.2865674524,139655.2865674524,0.0
2024-09-12,equal_weight,0.0,138951.32511542313,138951.32511542313,0.0
2024-09-13,equal_weight,0.0,144483.88788194951,144483.88788194951,0.0
2024-09-16,equal_weight,0.0,144395.35276226958,144395.35276226958,0.0
2024-09-17,equal_weight,0.0,142714.0106710509,142714.0106710509,0.0
2024-09-18,equal_weight,0.0,140685.6987687765,140685.6987687765,0.0
2024-09-19,equal_weight,0.0,143416.8983524265,143416.8983524265,0.0
2024-09-20,equal_weight,0.0,142946.203308616,142946.203308616,0.0
2024-09-23,equal_weight,0.0,141439.1214513872,141439.1214513872,0.0
2024-09-24,equal_weight,0.0,143117.11905501405,143117.11905501405,0.0
2024-09-25,equal_weight,0.0,140099.40000286992,140099.40000286992,0.0
2024-09-26,equal_weight,0.0,146246.6653622142,146246.6653622142,0.0
2024-09-27,equal_weight,0.0,155473.0663109802,155473.0663109802,0.0
2024-09-30,equal_weight,0.0,149421.56678974372,149421.56678974372,0.0
2024-10-01,equal_weight,0.0,143768.12394068364,143768.12394068364,0.0
2024-10-02,equal_weight,0.0,151155.68243794568,151155.68243794568,0.0
2024-10-03,equal_weight,0.0,149846.49877730096,149846.49877730096,0.0
2024-10-04,equal_weight,0.0,151647.1299449606,151647.1299449606,0.0
2024-10-07,equal_weight,0.0,149598.62563924448,149598.62563924448,0.0
2024-10-08,equal_weight,0.0,151736.11760185935,151736.11760185935,0.0
2024-10-09,equal_weight,0.0,153940.8618611973,153940.8618611973,0.0
2024-10-10,equal_weight,0.0,153877.24180542154,153877.24180542154,0.0
2024-10-11,equal_weight,0.0,159830.3926953899,159830.3926953899,0.0
2024-10-14,equal_weight,0.0,160751.4062763688,160751.4062763688,0.0
2024-10-15,equal_weight,0.0,158331.06531939073,158331.06531939073,0.0
2024-10-16,equal_weight,0.0,167226.12387271746,167226.12387271746,0.0
2024-10-17,equal_weight,0.0,167106.0495838713,167106.0495838713,0.0
2024-10-18,equal_weight,0.0,170363.53251876158,170363.53251876158,0.0
2024-10-21,equal_weight,0.0,175535.79003778013,175535.79003778013,0.0
2024-10-22,equal_weight,0.0,177071.8240956338,177071.8240956338,0.0
2024-10-23,equal_weight,0.0,173370.39718055632,173370.39718055632,0.0
2024-10-24,equal_weight,0.0,177377.75694767767,177377.75694767767,0.0
2024-10-25,equal_weight,0.0,182820.17749048927,182820.17749048927,0.0
2024-10-28,equal_weight,0.0,189575.87685421132,189575.87685421132,0.0
2024-10-29,equal_weight,0.0,187360.95982183807,187360.95982183807,0.0
2024-10-30,equal_weight,0.0,184547.21602008768,184547.21602008768,0.0
2024-10-31,equal_weight,0.0,173964.2505328232,173964.2505328232,0.0
2024-11-01,equal_weight,0.0,175894.04872886417,175894.04872886417,0.0
2024-11-04,equal_weight,0.0,174867.99316203827,174867.99316203827,0.0
2024-11-05,equal_weight,0.0,174358.79590663785,174358.79590663785,0.0
2024-11-06,equal_weight,0.0,178717.10366653636,178717.10366653636,0.0
2024-11-07,equal_weight,0.0,193591.17196750277,193591.17196750277,0.0
2024-11-08,equal_weight,0.0,200499.52844305974,200499.52844305974,0.0
2024-11-11,equal_weight,0.0,194967.7114619913,194967.7114619913,0.0
2024-11-12,equal_weight,0.0,190574.5061499513,190574.5061499513,0.0
2024-11-13,equal_weight,0.0,199250.21467780712,199250.21467780712,0.0
2024-11-14,equal_weight,0.0,200492.483323229,200492.483323229,0.0
2024-11-15,equal_weight,0.0,201308.5170276392,201308.5170276392,0.0
2024-11-18,equal_weight,0.0,194735.2660918964,194735.2660918964,0.0
2024-11-19,equal_weight,0.0,202311.9886919272,202311.9886919272,0.0
2024-11-20,equal_weight,0.0,203238.19936344802,203238.19936344802,0.0
2024-11-21,equal_weight,0.0,216071.41507672233,216071.41507672233,0.0
2024-11-22,equal_weight,0.0,225568.02614707538,225568.02614707538,0.0
2024-11-25,equal_weight,0.0,234083.792564374,234083.792564374,0.0
2024-11-26,equal_weight,0.0,227849.85181836004,227849.85181836004,0.0
2024-11-27,equal_weight,0.0,227652.76046493382,227652.76046493382,0.0
2024-11-29,equal_weight,0.0,243116.83209009308,243116.83209009308,0.0
2024-12-02,equal_weight,0.0,242037.28532615132,242037.28532615132,0.0
2024-12-03,equal_weight,0.0,246263.30077704138,246263.30077704138,0.0
2024-12-04,equal_weight,0.0,250058.3339187235,250058.3339187235,0.0
2024-12-05,equal_weight,0.0,266990.8741551161,266990.8741551161,0.0
2024-12-06,equal_weight,0.0,271237.8197115342,271237.8197115342,0.0
2024-12-09,equal_weight,0.0,276490.13264086185,276490.13264086185,0.0
2024-12-10,equal_weight,0.0,274293.19433165895,274293.19433165895,0.0
2024-12-11,equal_weight,0.0,264081.91435121937,264081.91435121937,0.0
2024-12-12,equal_weight,0.0,252812.8347729262,252812.8347729262,0.0
2024-12-13,equal_weight,0.0,259404.19549937735,259404.19549937735,0.0
2024-12-16,equal_weight,0.0,274153.0636544687,274153.0636544687,0.0
2024-12-17,equal_weight,0.0,278262.857790514,278262.857790514,0.0
2024-12-18,equal_weight,0.0,261204.9380314888,261204.9380314888,0.0
2024-12-19,equal_weight,0.0,253055.48251917696,253055.48251917696,0.0
2024-12-20,equal_weight,0.0,274692.183796316,274692.183796316,0.0
2024-12-23,equal_weight,0.0,280920.8155021341,280920.8155021341,0.0
2024-12-24,equal_weight,0.0,291480.09336706315,291480.09336706315,0.0
2024-12-26,equal_weight,0.0,301629.4603905574,301629.4603905574,0.0
2024-12-27,equal_weight,0.0,292684.4840904226,292684.4840904226,0.0
2024-12-30,equal_weight,0.0,286596.45688980387,286596.45688980387,0.0
2024-12-31,equal_weight,0.0,275555.93984279095,275555.93984279095,0.0
2025-01-02,equal_weight,0.0,275888.69871169183,275888.69871169183,0.0
2025-01-03,equal_weight,0.0,294715.53625164315,294715.53625164315,0.0
2025-01-06,equal_weight,0.0,306080.22026764,306080.22026764,0.0
2025-01-07,equal_weight,0.0,295272.38779467595,295272.38779467595,0.0
2025-01-08,equal_weight,0.0,255455.0538261807,255455.0538261807,0.0
2025-01-10,equal_weight,0.0,253323.51065651755,253323.51065651755,0.0
2025-01-13,equal_weight,0.0,240557.3495858983,240557.3495858983,0.0
2025-01-14,equal_weight,0.0,245649.4959641704,245649.4959641704,0.0
2025-01-15,equal_weight,0.0,274889.4307577263,274889.4307577263,0.0
2025-01-16,equal_weight,0.0,274408.4918912958,274408.4918912958,0.0
2025-01-17,equal_weight,0.0,269955.25508885423,269955.25508885423,0.0
2025-01-21,equal_weight,0.0,289365.08137148747,289365.08137148747,0.0
2025-01-22,equal_weight,0.0,280450.173127422,280450.173127422,0.0
2025-01-23,equal_weight,0.0,279209.4712811473,279209.4712811473,0.0
2025-01-24,equal_weight,0.0,279452.4020964052,279452.4020964052,0.0
2025-01-27,equal_weight,0.0,263222.1824519384,263222.1824519384,0.0
2025-01-28,equal_weight,0.0,265158.14844837226,265158.14844837226,0.0
2025-01-29,equal_weight,0.0,266070.2490203742,266070.2490203742,0.0
2025-01-30,equal_weight,0.0,266727.5080998963,266727.5080998963,0.0
2025-01-31,equal_weight,0.0,267402.96607098886,267402.96607098886,0.0
2025-02-03,equal_weight,0.0,266820.87005606876,266820.87005606876,0.0
2025-02-04,equal_weight,0.0,271180.71438269416,271180.71438269416,0.0
2025-02-05,equal_weight,0.0,275414.7459055943,275414.7459055943,0.0
2025-02-06,equal_weight,0.0,272031.2591425689,272031.2591425689,0.0
2025-02-07,equal_weight,0.0,267831.48535020486,267831.48535020486,0.0
2025-02-10,equal_weight,0.0,268599.429340368,268599.429340368,0.0
2025-02-11,equal_weight,0.0,259542.65262107068,259542.65262107068,0.0
2025-02-12,equal_weight,0.0,261865.26546888106,261865.26546888106,0.0
2025-02-13,equal_weight,0.0,265752.0110250986,265752.0110250986,0.0
2025-02-14,equal_weight,0.0,266307.21560393745,266307.21560393745,0.0
2025-02-18,equal_weight,0.0,268268.7335543311,268268.7335543311,0.0
2025-02-19,equal_weight,0.0,271324.5498387124,271324.5498387124,0.0
2025-02-20,equal_weight,0.0,269174.2089898642,269174.2089898642,0.0
2025-02-21,equal_weight,0.0,257916.31376974258,257916.31376974258,0.0
2025-02-24,equal_weight,0.0,249531.69522151406,249531.69522151406,0.0
2025-02-25,equal_weight,0.0,234277.55804388825,234277.55804388825,0.0
2025-02-26,equal_weight,0.0,239653.12460088741,239653.12460088741,0.0
2025-02-27,equal_weight,0.0,223206.51854234404,223206.51854234404,0.0
2025-02-28,equal_weight,0.0,226105.54503183265,226105.54503183265,0.0
2025-03-03,equal_weight,0.0,217010.01451343828,217010.01451343828,0.0
2025-03-04,equal_weight,0.0,217972.54621957758,217972.54621957758,0.0
2025-03-05,equal_weight,0.0,224618.88145040424,224618.88145040424,0.0
2025-03-06,equal_weight,0.0,213645.47347143214,213645.47347143214,0.0
2025-03-07,equal_weight,0.0,215681.97492061826,215681.97492061826,0.0
2025-03-10,equal_weight,0.0,199713.30355611182,199713.30355611182,0.0
2025-03-11,equal_weight,0.0,207310.12404899223,207310.12404899223,0.0
2025-03-12,equal_weight,0.0,212997.4193774082,212997.4193774082,0.0
2025-03-13,equal_weight,0.0,205608.01546295205,205608.01546295205,0.0
2025-03-14,equal_weight,0.0,222462.47684416984,222462.47684416984,0.0
2025-03-17,equal_weight,0.0,226450.4060641775,226450.4060641775,0.0
2025-03-18,equal_weight,0.0,215760.89436824256,215760.89436824256,0.0
2025-03-19,equal_weight,0.0,219648.83890388306,219648.83890388306,0.0
2025-03-20,equal_weight,0.0,209650.1617049536,209650.1617049536,0.0
2025-03-21,equal_weight,0.0,212503.63451151855,212503.63451151855,0.0
2025-03-24,equal_weight,0.0,222215.27391920984,222215.27391920984,0.0
2025-03-25,equal_weight,0.0,220170.3327696696,220170.3327696696,0.0
2025-03-26,equal_weight,0.0,214915.56909025615,214915.56909025615,0.0
2025-03-27,equal_weight,0.0,209694.59668245903,209694.59668245903,0.0
2025-03-28,equal_weight,0.0,200105.2718933066,200105.2718933066,0.0
2025-03-31,equal_weight,0.0,204390.6888229429,204390.6888229429,0.0
2025-04-01,equal_weight,0.0,206135.91775451897,206135.91775451897,0.0
2025-04-02,equal_weight,0.0,208632.38201074259,208632.38201074259,0.0
2025-04-03,equal_weight,0.0,191449.04138457854,191449.04138457854,0.0
2025-04-04,equal_weight,0.0,185094.67328607623,185094.67328607623,0.0
2025-04-07,equal_weight,0.0,188151.68281374717,188151.68281374717,0.0
2025-04-08,equal_weight,0.0,180250.51280652275,180250.51280652275,0.0
2025-04-09,equal_weight,0.0,208715.7739901111,208715.7739901111,0.0
2025-04-10,equal_weight,0.0,199666.66739849467,199666.66739849467,0.0
2025-04-11,equal_weight,0.0,203056.56521964117,203056.56521964117,0.0
2025-04-14,equal_weight,0.0,200798.70204134897,200798.70204134897,0.0
2025-04-15,equal_weight,0.0,200806.99024562203,200806.99024562203,0.0
2025-04-16,equal_weight,0.0,196232.40652488006,196232.40652488006,0.0
2025-04-17,equal_weight,0.0,201064.1221491572,201064.1221491572,0.0
2025-04-21,equal_weight,0.0,194787.69575582814,194787.69575582814,0.0
2025-04-22,equal_weight,0.0,200280.93861726334,200280.93861726334,0.0
2025-04-23,equal_weight,0.0,206261.9388789495,206261.9388789495,0.0
2025-04-24,equal_weight,0.0,216608.99914736138,216608.99914736138,0.0
2025-04-25,equal_weight,0.0,219114.12567812655,219114.12567812655,0.0
2025-04-28,equal_weight,0.0,217632.94762209815,217632.94762209815,0.0
2025-04-29,equal_weight,0.0,215837.58401196258,215837.58401196258,0.0
2025-04-30,equal_weight,0.0,213858.96761636535,213858.96761636535,0.0
2025-05-01,equal_weight,0.0,214273.37609088467,214273.37609088467,0.0
2025-05-02,equal_weight,0.0,226346.92859140207,226346.92859140207,0.0
2025-05-05,equal_weight,0.0,222273.06316066076,222273.06316066076,0.0
2025-05-06,equal_weight,0.0,217949.5979058211,217949.5979058211,0.0
2025-05-07,equal_weight,0.0,219239.43614347448,219239.43614347448,0.0
2025-05-08,equal_weight,0.0,223751.16616258016,223751.16616258016,0.0
2025-05-09,equal_weight,0.0,222033.4926697278,222033.4926697278,0.0
2025-05-12,equal_weight,0.0,234538.34022857482,234538.34022857482,0.0
2025-05-13,equal_weight,0.0,238426.69712472116,238426.69712472116,0.0
2025-05-14,equal_weight,0.0,237735.7786438439,237735.7786438439,0.0
2025-05-15,equal_weight,0.0,235978.75546467927,235978.75546467927,0.0
2025-05-16,equal_weight,0.0,241205.55556714808,241205.55556714808,0.0
2025-05-19,equal_weight,0.0,240049.449495084,240049.449495084,0.0
2025-05-20,equal_weight,0.0,239163.66759904148,239163.66759904148,0.0
2025-05-21,equal_weight,0.0,231609.13689237813,231609.13689237813,0.0
2025-05-22,equal_weight,0.0,344572.63090728206,344572.63090728206,0.0
2025-05-23,equal_weight,0.0,324840.3290941552,324840.3290941552,0.0
2025-05-27,equal_weight,0.0,371566.3688906945,371566.3688906945,0.0
2025-05-28,equal_weight,0.0,363644.51427591714,363644.51427591714,0.0
2025-05-29,equal_weight,0.0,342304.3076592846,342304.3076592846,0.0
2025-05-30,equal_weight,0.0,331688.72514332854,331688.72514332854,0.0
2025-06-02,equal_weight,0.0,340900.6003428971,340900.6003428971,0.0
2025-06-03,equal_weight,0.0,348356.93903450435,348356.93903450435,0.0
2025-06-04,equal_weight,0.0,363617.13422421867,363617.13422421867,0.0
2025-06-05,equal_weight,0.0,343926.4844122434,343926.4844122434,0.0
2025-06-06,equal_weight,0.0,352188.03151114244,352188.03151114244,0.0
2025-06-09,equal_weight,0.0,374706.96381605923,374706.96381605923,0.0
2025-06-10,equal_weight,0.0,388523.5227750784,388523.5227750784,0.0
2025-06-11,equal_weight,0.0,386239.3005674988,386239.3005674988,0.0
2025-06-12,equal_weight,0.0,382664.6298936602,382664.6298936602,0.0
2025-06-13,equal_weight,0.0,372309.1611750133,372309.1611750133,0.0
2025-06-16,equal_weight,0.0,374395.3680411637,374395.3680411637,0.0
2025-06-17,equal_weight,0.0,367664.041748995,367664.041748995,0.0
2025-06-18,equal_weight,0.0,373134.2995869479,373134.2995869479,0.0
2025-06-20,equal_weight,0.0,374378.045847577,374378.045847577,0.0
2025-06-23,equal_weight,0.0,372222.5484604401,372222.5484604401,0.0
2025-06-24,equal_weight,0.0,384213.95377086767,384213.95377086767,0.0
2025-06-25,equal_weight,0.0,373742.27873345144,373742.27873345144,0.0
2025-06-26,equal_weight,0.0,377219.8507611224,377219.8507611224,0.0
2025-06-27,equal_weight,0.0,376775.8551123984,376775.8551123984,0.0
2025-06-30,equal_weight,0.0,382717.21148898674,382717.21148898674,0.0
2025-07-01,equal_weight,0.0,371556.8853465209,371556.8853465209,0.0
2025-07-02,equal_weight,0.0,384209.2861915155,384209.2861915155,0.0
2025-07-03,equal_weight,0.0,386661.0516812266,386661.0516812266,0.0
2025-07-07,equal_weight,0.0,383348.7145547332,383348.7145547332,0.0
2025-07-08,equal_weight,0.0,388305.0325478333,388305.0325478333,0.0
2025-07-09,equal_weight,0.0,389070.29298362054,389070.29298362054,0.0
2025-07-10,equal_weight,0.0,387426.62182322383,387426.62182322383,0.0
2025-07-11,equal_weight,0.0,371710.57690469513,371710.57690469513,0.0
2025-07-14,equal_weight,0.0,373982.65299575776,373982.65299575776,0.0
2025-07-15,equal_weight,0.0,377095.70663786225,377095.70663786225,0.0
2025-07-16,equal_weight,0.0,380729.80784051056,380729.80784051056,0.0
2025-07-17,equal_weight,0.0,386705.58565302927,386705.58565302927,0.0
2025-07-18,equal_weight,0.0,397975.0315253798,397975.0315253798,0.0
2025-07-21,equal_weight,0.0,419649.3645361275,419649.3645361275,0.0
2025-07-22,equal_weight,0.0,416105.1924890526,416105.1924890526,0.0
2025-07-23,equal_weight,0.0,423274.8001077972,423274.8001077972,0.0
2025-07-24,equal_weight,0.0,427227.6349600946,427227.6349600946,0.0
2025-07-25,equal_weight,0.0,423859.03494534316,423859.03494534316,0.0
2025-07-28,equal_weight,0.0,419369.0859574358,419369.0859574358,0.0
2025-07-29,equal_weight,0.0,402038.64970757416,402038.64970757416,0.0
2025-07-30,equal_weight,0.0,396741.7717814284,396741.7717814284,0.0
2025-07-31,equal_weight,0.0,397189.16635695903,397189.16635695903,0.0
2025-08-01,equal_weight,0.0,396579.8729928925,396579.8729928925,0.0
2025-08-04,equal_weight,0.0,405439.4680327192,405439.4680327192,0.0
2025-08-05,equal_weight,0.0,394235.2601426196,394235.2601426196,0.0
2025-08-06,equal_weight,0.0,389393.3220953334,389393.3220953334,0.0
2025-08-07,equal_weight,0.0,394070.13176387775,394070.13176387775,0.0
2025-08-08,equal_weight,0.0,397159.23639801634,397159.23639801634,0.0
2025-08-11,equal_weight,0.0,403456.73603802593,403456.73603802593,0.0
2025-08-12,equal_weight,0.0,406248.2386465654,406248.2386465654,0.0
2025-08-13,equal_weight,0.0,408142.9663192983,408142.9663192983,0.0
2025-08-14,equal_weight,0.0,405991.7284997399,405991.7284997399,0.0
2025-08-15,equal_weight,0.0,398432.5454109276,398432.5454109276,0.0
2025-08-18,equal_weight,0.0,396139.4673502273,396139.4673502273,0.0
2025-08-19,equal_weight,0.0,380708.5119471357,380708.5119471357,0.0
2025-08-20,equal_weight,0.0,377173.7050841682,377173.7050841682,0.0
2025-08-21,equal_weight,0.0,376697.0878096665,376697.0878096665,0.0
2025-08-22,equal_weight,0.0,389543.63761792996,389543.63761792996,0.0
2025-08-25,equal_weight,0.0,382564.3292595353,382564.3292595353,0.0
2025-08-26,equal_weight,0.0,386906.52997159126,386906.52997159126,0.0
2025-08-27,equal_weight,0.0,388661.40010235494,388661.40010235494,0.0
2025-08-28,equal_weight,0.0,393898.51026495546,393898.51026495546,0.0
2025-08-29,equal_weight,0.0,388053.8891111171,388053.8891111171,0.0
2025-09-02,equal_weight,0.0,385658.22069013974,385658.22069013974,0.0
2025-09-03,equal_weight,0.0,381348.96504453244,381348.96504453244,0.0
2025-09-04,equal_weight,0.0,382998.5644179017,382998.5644179017,0.0
2025-09-05,equal_weight,0.0,383059.82221670914,383059.82221670914,0.0
2025-09-08,equal_weight,0.0,382135.9319389919,382135.9319389919,0.0
2025-09-09,equal_weight,0.0,392008.22574956145,392008.22574956145,0.0
2025-09-10,equal_weight,0.0,389946.3545129902,389946.3545129902,0.0
2025-09-11,equal_weight,0.0,406108.9614186798,406108.9614186798,0.0
2025-09-12,equal_weight,0.0,427540.50959580013,427540.50959580013,0.0
2025-09-15,equal_weight,0.0,435840.1075042668,435840.1075042668,0.0
2025-09-16,equal_weight,0.0,439030.2292627454,439030.2292627454,0.0
2025-09-17,equal_weight,0.0,455709.18796629726,455709.18796629726,0.0
2025-09-18,equal_weight,0.0,464793.3891903423,464793.3891903423,0.0
2025-09-19,equal_weight,0.0,476770.5587056218,476770.5587056218,0.0
2025-09-22,equal_weight,0.0,483283.9561100732,483283.9561100732,0.0
2025-09-23,equal_weight,0.0,482643.07548166305,482643.07548166305,0.0
2025-09-24,equal_weight,0.0,479276.5177806384,479276.5177806384,0.0
2025-09-25,equal_weight,0.0,464422.86084476014,464422.86084476014,0.0
2025-09-26,equal_weight,0.0,460400.54902497784,460400.54902497784,0.0
2025-09-29,equal_weight,0.0,469109.418429313,469109.418429313,0.0
2025-09-30,equal_weight,0.0,465542.87250429427,465542.87250429427,0.0
2025-10-01,equal_weight,0.0,470670.0373531561,470670.0373531561,0.0
2025-10-02,equal_weight,0.0,498181.83707870345,498181.83707870345,0.0
2025-10-03,equal_weight,0.0,499242.9249112186,499242.9249112186,0.0
2025-10-06,equal_weight,0.0,515469.87352921756,515469.87352921756,0.0
2025-10-07,equal_weight,0.0,509547.3423876122,509547.3423876122,0.0
2025-10-08,equal_weight,0.0,502328.7913383192,502328.7913383192,0.0
2025-10-09,equal_weight,0.0,511405.2105091186,511405.2105091186,0.0
2025-10-10,equal_weight,0.0,494752.41599843604,494752.41599843604,0.0
2025-10-13,equal_weight,0.0,545636.6461260659,545636.6461260659,0.0
2025-10-14,equal_weight,0.0,575281.6166556578,575281.6166556578,0.0
2025-10-15,equal_weight,0.0,606124.1038808685,606124.1038808685,0.0
2025-10-16,equal_weight,0.0,599614.8738290146,599614.8738290146,0.0
2025-10-17,equal_weight,0.0,579486.7407602456,579486.7407602456,0.0
2025-10-20,equal_weight,0.0,600909.4336070205,600909.4336070205,0.0
2025-10-21,equal_weight,0.0,578939.3296025626,578939.3296025626,0.0
2025-10-22,equal_weight,0.0,553364.1133754312,553364.1133754312,0.0
2025-10-23,equal_weight,0.0,564185.7680318744,564185.7680318744,0.0
2025-10-24,equal_weight,0.0,573681.4640958868,573681.4640958868,0.0
2025-10-27,equal_weight,0.0,582003.1806531389,582003.1806531389,0.0
2025-10-28,equal_weight,0.0,560139.8370737694,560139.8370737694,0.0
2025-10-29,equal_weight,0.0,577152.6289760636,577152.6289760636,0.0
2025-10-30,equal_weight,0.0,560838.5142645217,560838.5142645217,0.0
2025-10-31,equal_weight,0.0,576634.3066973686,576634.3066973686,0.0
2025-11-03,equal_weight,0.0,555070.0355192161,555070.0355192161,0.0
2025-11-04,equal_weight,0.0,519225.38109457085,519225.38109457085,0.0
2025-11-05,equal_weight,0.0,518832.33542862156,518832.33542862156,0.0
2025-11-06,equal_weight,0.0,508257.1717311569,508257.1717311569,0.0
2025-11-07,equal_weight,0.0,501420.7172337498,501420.7172337498,0.0
2025-11-10,equal_weight,0.0,516697.68856549176,516697.68856549176,0.0
2025-11-11,equal_weight,0.0,509192.1360400527,509192.1360400527,0.0
2025-11-12,equal_weight,0.0,495242.42046914634,495242.42046914634,0.0
2025-11-13,equal_weight,0.0,469632.9484296135,469632.9484296135,0.0
2025-11-14,equal_weight,0.0,479426.62534530606,479426.62534530606,0.0
2025-11-17,equal_weight,0.0,473205.7367201124,473205.7367201124,0.0
2025-11-18,equal_weight,0.0,475138.64029903733,475138.64029903733,0.0
2025-11-19,equal_weight,0.0,472050.681217728,472050.681217728,0.0
2025-11-20,equal_weight,0.0,446781.2871528074,446781.2871528074,0.0
2025-11-21,equal_weight,0.0,450767.774041762,450767.774041762,0.0
2025-11-24,equal_weight,0.0,479796.9173990781,479796.9173990781,0.0
2025-11-25,equal_weight,0.0,478427.2002678642,478427.2002678642,0.0
2025-11-26,equal_weight,0.0,484537.7593281369,484537.7593281369,0.0
2025-11-28,equal_weight,0.0,498569.6105761626,498569.6105761626,0.0
2025-12-01,equal_weight,0.0,485502.14605787594,485502.14605787594,0.0
2025-12-02,equal_weight,0.0,486506.3761910211,486506.3761910211,0.0
2025-12-03,equal_weight,0.0,496949.5276970035,496949.5276970035,0.0
2025-12-04,equal_weight,0.0,523369.46936579235,523369.46936579235,0.0
2025-12-05,equal_weight,0.0,519331.69857733976,519331.69857733976,0.0
2025-12-08,equal_weight,0.0,524672.8311163291,524672.8311163291,0.0
2025-12-09,equal_weight,0.0,518669.9316296902,518669.9316296902,0.0
2025-12-10,equal_weight,0.0,512292.39416658325,512292.39416658325,0.0
2025-12-11,equal_weight,0.0,515265.5821695642,515265.5821695642,0.0
2025-12-12,equal_weight,0.0,497417.3406910649,497417.3406910649,0.0
2025-12-15,equal_weight,0.0,476991.94207257,476991.94207257,0.0
2025-12-16,equal_weight,0.0,483936.57271134475,483936.57271134475,0.0
2025-12-17,equal_weight,0.0,464353.4921639004,464353.4921639004,0.0
2025-12-18,equal_weight,0.0,468365.72729153646,468365.72729153646,0.0
2025-12-19,equal_weight,0.0,482465.73728897684,482465.73728897684,0.0
2025-12-22,equal_weight,0.0,498447.274944875,498447.274944875,0.0
2025-12-23,equal_weight,0.0,490056.09744855063,490056.09744855063,0.0
2025-12-24,equal_weight,0.0,486986.9599847676,486986.9599847676,0.0
2025-12-26,equal_weight,0.0,473782.9333307124,473782.9333307124,0.0
2025-12-29,equal_weight,0.0,468133.3865005193,468133.3865005193,0.0
2025-12-30,equal_weight,0.0,468176.07632873184,468176.07632873184,0.0
2025-12-31,equal_weight,0.0,463588.6520805921,463588.6520805921,0.0
2026-01-02,equal_weight,0.0,488542.13830980496,488542.13830980496,0.0
2026-01-05,equal_weight,0.0,506056.56348795415,506056.56348795415,0.0
2026-01-06,equal_weight,0.0,531512.0208346208,531512.0208346208,0.0
2026-01-07,equal_weight,0.0,530704.6307635879,530704.6307635879,0.0
2026-01-08,equal_weight,0.0,527658.2377591454,527658.2377591454,0.0
2026-01-09,equal_weight,0.0,527238.1075207579,527238.1075207579,0.0
2026-01-12,equal_weight,0.0,537179.9308048441,537179.9308048441,0.0
2026-01-13,equal_weight,0.0,515824.44244437513,515824.44244437513,0.0
2026-01-14,equal_weight,0.0,526944.7847536436,526944.7847536436,0.0
2026-01-15,equal_weight,0.0,518437.7987040665,518437.7987040665,0.0
2026-01-16,equal_weight,0.0,539176.3558536954,539176.3558536954,0.0
2026-01-20,equal_weight,0.0,519172.5471573476,519172.5471573476,0.0
2026-01-21,equal_weight,0.0,514800.4407458424,514800.4407458424,0.0
2026-01-22,equal_weight,0.0,539868.1509917129,539868.1509917129,0.0
2026-01-23,equal_weight,0.0,519569.35279085475,519569.35279085475,0.0
2026-01-26,equal_weight,0.0,499773.8162854744,499773.8162854744,0.0
2026-01-27,equal_weight,0.0,509506.5801399029,509506.5801399029,0.0
2026-01-28,equal_weight,0.0,519323.7245132278,519323.7245132278,0.0
2026-01-29,equal_weight,0.0,501387.8513376278,501387.8513376278,0.0
2026-01-30,equal_weight,0.0,478826.9028514512,478826.9028514512,0.0
2026-02-02,equal_weight,0.0,476866.3738351298,476866.3738351298,0.0
2026-02-03,equal_weight,0.0,479178.8604072206,479178.8604072206,0.0
2026-02-04,equal_weight,0.0,456486.09830801,456486.09830801,0.0
2026-02-05,equal_weight,0.0,429288.28071374085,429288.28071374085,0.0
2026-02-06,equal_weight,0.0,465728.97427172854,465728.97427172854,0.0
2026-02-09,equal_weight,0.0,473369.48816758324,473369.48816758324,0.0
2026-02-10,equal_weight,0.0,466025.1463478595,466025.1463478595,0.0
2026-02-11,equal_weight,0.0,461500.57950154867,461500.57950154867,0.0
2026-02-12,equal_weight,0.0,444310.8718919427,444310.8718919427,0.0
2026-02-13,equal_weight,0.0,453366.78574218665,453366.78574218665,0.0
2026-02-17,equal_weight,0.0,449186.6894800648,449186.6894800648,0.0
2026-02-18,equal_weight,0.0,449447.34076023736,449447.34076023736,0.0
2026-02-19,equal_weight,0.0,448886.25547984196,448886.25547984196,0.0
2026-02-20,equal_weight,0.0,442832.2774717355,442832.2774717355,0.0
2026-02-23,equal_weight,0.0,439570.3546489614,439570.3546489614,0.0
2026-02-24,equal_weight,0.0,446340.54259626276,446340.54259626276,0.0
2026-02-25,equal_weight,0.0,477027.3813793092,477027.3813793092,0.0
2026-02-26,equal_weight,0.0,495168.37831395416,495168.37831395416,0.0
2026-02-27,equal_weight,0.0,479383.5898133081,479383.5898133081,0.0
2026-03-02,equal_weight,0.0,486806.0036423587,486806.0036423587,0.0
2026-03-03,equal_weight,0.0,471875.7518063489,471875.7518063489,0.0
2026-03-04,equal_weight,0.0,479042.39491463854,479042.39491463854,0.0
2026-03-05,equal_weight,0.0,471157.5508670202,471157.5508670202,0.0
2026-03-06,equal_weight,0.0,456792.3131326999,456792.3131326999,0.0
2026-03-09,equal_weight,0.0,462248.60828717705,462248.60828717705,0.0
2026-03-10,equal_weight,0.0,463735.9701261206,463735.9701261206,0.0
2026-03-11,equal_weight,0.0,489578.9527060861,489578.9527060861,0.0
2026-03-12,equal_weight,0.0,470490.1595734741,470490.1595734741,0.0
2026-03-13,equal_weight,0.0,472964.8831857955,472964.8831857955,0.0
