date,label,SPY,QQQ,NVTS,IONQ
2022-10-20,spy_ief_60_40,0.5982841176200476,0.0,0.0,0.0
2022-10-21,spy_ief_60_40,0.6040410319971325,0.0,0.0,0.0
2022-10-24,spy_ief_60_40,0.6069462134433526,0.0,0.0,0.0
2022-10-25,spy_ief_60_40,0.6107191940541874,0.0,0.0,0.0
2022-10-26,spy_ief_60_40,0.6089197206538971,0.0,0.0,0.0
2022-10-27,spy_ief_60_40,0.6076439292402571,0.0,0.0,0.0
2022-10-28,spy_ief_60_40,0.6132351139042355,0.0,0.0,0.0
2022-10-31,spy_ief_60_40,0.6115142678868642,0.0,0.0,0.0
2022-11-01,spy_ief_60_40,0.6104719603390869,0.0,0.0,0.0
2022-11-02,spy_ief_60_40,0.6044113370549636,0.0,0.0,0.0
2022-11-03,spy_ief_60_40,0.599702586929393,0.0,0.0,0.0
2022-11-04,spy_ief_60_40,0.6031282181379836,0.0,0.0,0.0
2022-11-07,spy_ief_60_40,0.6054047182148649,0.0,0.0,0.0
2022-11-08,spy_ief_60_40,0.6066893941245695,0.0,0.0,0.0
2022-11-09,spy_ief_60_40,0.6017111926326802,0.0,0.0,0.0
2022-11-10,spy_ief_60_40,0.6144596382694764,0.0,0.0,0.0
2022-11-11,spy_ief_60_40,0.6167389783940019,0.0,0.0,0.0
2022-11-14,spy_ief_60_40,0.6147175860111621,0.0,0.0,0.0
2022-11-15,spy_ief_60_40,0.616727098122634,0.0,0.0,0.0
2022-11-16,spy_ief_60_40,0.6149152701873197,0.0,0.0,0.0
2022-11-17,spy_ief_60_40,0.6023099950308148,0.0,0.0,0.0
2022-11-18,spy_ief_60_40,0.6033946174680185,0.0,0.0,0.0
2022-11-21,spy_ief_60_40,0.6025225314500982,0.0,0.0,0.0
2022-11-22,spy_ief_60_40,0.6057194405469138,0.0,0.0,0.0
2022-11-23,spy_ief_60_40,0.6072186626365506,0.0,0.0,0.0
2022-11-25,spy_ief_60_40,0.60716531331577,0.0,0.0,0.0
2022-11-28,spy_ief_60_40,0.6033220833961686,0.0,0.0,0.0
2022-11-29,spy_ief_60_40,0.602910587524397,0.0,0.0,0.0
2022-11-30,spy_ief_60_40,0.6103115825904543,0.0,0.0,0.0
2022-12-01,spy_ief_60_40,0.6101364614249679,0.0,0.0,0.0
2022-12-02,spy_ief_60_40,0.6027611700222671,0.0,0.0,0.0
2022-12-05,spy_ief_60_40,0.5984066049107313,0.0,0.0,0.0
2022-12-06,spy_ief_60_40,0.5949123498411237,0.0,0.0,0.0
2022-12-07,spy_ief_60_40,0.5945019434043767,0.0,0.0,0.0
2022-12-08,spy_ief_60_40,0.5963817039158976,0.0,0.0,0.0
2022-12-09,spy_ief_60_40,0.5945755174506447,0.0,0.0,0.0
2022-12-12,spy_ief_60_40,0.5980213362449873,0.0,0.0,0.0
2022-12-13,spy_ief_60_40,0.5998328631961215,0.0,0.0,0.0
2022-12-14,spy_ief_60_40,0.598292255297366,0.0,0.0,0.0
2022-12-15,spy_ief_60_40,0.5923258848010868,0.0,0.0,0.0
2022-12-16,spy_ief_60_40,0.5988063533690466,0.0,0.0,0.0
2022-12-19,spy_ief_60_40,0.5967588035530913,0.0,0.0,0.0
2022-12-20,spy_ief_60_40,0.597087864627719,0.0,0.0,0.0
2022-12-21,spy_ief_60_40,0.6006532030496418,0.0,0.0,0.0
2022-12-22,spy_ief_60_40,0.5972016314053666,0.0,0.0,0.0
2022-12-23,spy_ief_60_40,0.5985806057398763,0.0,0.0,0.0
2022-12-27,spy_ief_60_40,0.5976308178050487,0.0,0.0,0.0
2022-12-28,spy_ief_60_40,0.5946199620421377,0.0,0.0,0.0
2022-12-29,spy_ief_60_40,0.5989129068517429,0.0,0.0,0.0
2022-12-30,spy_ief_60_40,0.5982791602076007,0.0,0.0,0.0
2023-01-03,spy_ief_60_40,0.59777104158416,0.0,0.0,0.0
2023-01-04,spy_ief_60_40,0.5996187556398289,0.0,0.0,0.0
2023-01-05,spy_ief_60_40,0.5968598033963921,0.0,0.0,0.0
2023-01-06,spy_ief_60_40,0.6023031897774237,0.0,0.0,0.0
2023-01-09,spy_ief_60_40,0.6021673476905327,0.0,0.0,0.0
2023-01-10,spy_ief_60_40,0.6038402999503673,0.0,0.0,0.0
2023-01-11,spy_ief_60_40,0.60684293755195,0.0,0.0,0.0
2023-01-12,spy_ief_60_40,0.6077096904152234,0.0,0.0,0.0
2023-01-13,spy_ief_60_40,0.6086323774552178,0.0,0.0,0.0
2023-01-17,spy_ief_60_40,0.6081955044740858,0.0,0.0,0.0
2023-01-18,spy_ief_60_40,0.5954250599586425,0.0,0.0,0.0
2023-01-19,spy_ief_60_40,0.5936637931374167,0.0,0.0,0.0
2023-01-20,spy_ief_60_40,0.5981084165246655,0.0,0.0,0.0
2023-01-23,spy_ief_60_40,0.6009720225780715,0.0,0.0,0.0
2023-01-24,spy_ief_60_40,0.6007144805458715,0.0,0.0,0.0
2023-01-25,spy_ief_60_40,0.6008044032111819,0.0,0.0,0.0
2023-01-26,spy_ief_60_40,0.6034229824046243,0.0,0.0,0.0
2023-01-27,spy_ief_60_40,0.6039720758948399,0.0,0.0,0.0
2023-01-30,spy_ief_60_40,0.6009480964331013,0.0,0.0,0.0
2023-01-31,spy_ief_60_40,0.6044432153269715,0.0,0.0,0.0
2023-02-01,spy_ief_60_40,0.6032836940023295,0.0,0.0,0.0
2023-02-02,spy_ief_60_40,0.6067373092727213,0.0,0.0,0.0
2023-02-03,spy_ief_60_40,0.6041846920703117,0.0,0.0,0.0
2023-02-06,spy_ief_60_40,0.602717742294495,0.0,0.0,0.0
2023-02-07,spy_ief_60_40,0.6058249383843127,0.0,0.0,0.0
2023-02-08,spy_ief_60_40,0.6031962626113528,0.0,0.0,0.0
2023-02-09,spy_ief_60_40,0.6011103912112646,0.0,0.0,0.0
2023-02-10,spy_ief_60_40,0.6016691812506442,0.0,0.0,0.0
2023-02-13,spy_ief_60_40,0.604462868787565,0.0,0.0,0.0
2023-02-14,spy_ief_60_40,0.6043527782588746,0.0,0.0,0.0
2023-02-15,spy_ief_60_40,0.6021118594442029,0.0,0.0,0.0
2023-02-16,spy_ief_60_40,0.5987856505505137,0.0,0.0,0.0
2023-02-17,spy_ief_60_40,0.5981845732245186,0.0,0.0,0.0
2023-02-21,spy_ief_60_40,0.5933041514179979,0.0,0.0,0.0
2023-02-22,spy_ief_60_40,0.5929713489901818,0.0,0.0,0.0
2023-02-23,spy_ief_60_40,0.5942511803302426,0.0,0.0,0.0
2023-02-24,spy_ief_60_40,0.5916590382761963,0.0,0.0,0.0
2023-02-27,spy_ief_60_40,0.592480238994574,0.0,0.0,0.0
2023-02-28,spy_ief_60_40,0.5915858613801855,0.0,0.0,0.0
2023-03-01,spy_ief_60_40,0.5906569833858125,0.0,0.0,0.0
2023-03-02,spy_ief_60_40,0.6031109950665468,0.0,0.0,0.0
2023-03-03,spy_ief_60_40,0.6069131397168467,0.0,0.0,0.0
2023-03-06,spy_ief_60_40,0.6070783631153959,0.0,0.0,0.0
2023-03-07,spy_ief_60_40,0.6033875638060879,0.0,0.0,0.0
2023-03-08,spy_ief_60_40,0.6037778028487465,0.0,0.0,0.0
2023-03-09,spy_ief_60_40,0.5993143249967129,0.0,0.0,0.0
2023-03-10,spy_ief_60_40,0.5958190343811247,0.0,0.0,0.0
2023-03-13,spy_ief_60_40,0.5954755333194608,0.0,0.0,0.0
2023-03-14,spy_ief_60_40,0.5994185210292553,0.0,0.0,0.0
2023-03-15,spy_ief_60_40,0.5979111286880618,0.0,0.0,0.0
2023-03-16,spy_ief_60_40,0.6056820307136593,0.0,0.0,0.0
2023-03-17,spy_ief_60_40,0.6028695183227417,0.0,0.0,0.0
2023-03-20,spy_ief_60_40,0.6051584596464756,0.0,0.0,0.0
2023-03-21,spy_ief_60_40,0.6082711098499327,0.0,0.0,0.0
2023-03-22,spy_ief_60_40,0.6041667863631668,0.0,0.0,0.0
2023-03-23,spy_ief_60_40,0.6048122088675361,0.0,0.0,0.0
2023-03-24,spy_ief_60_40,0.6063744723501695,0.0,0.0,0.0
2023-03-27,spy_ief_60_40,0.6068202365173033,0.0,0.0,0.0
2023-03-28,spy_ief_60_40,0.6062839806818424,0.0,0.0,0.0
2023-03-29,spy_ief_60_40,0.6097231848322778,0.0,0.0,0.0
2023-03-30,spy_ief_60_40,0.599768243656035,0.0,0.0,0.0
2023-03-31,spy_ief_60_40,0.6031232283299562,0.0,0.0,0.0
2023-04-03,spy_ief_60_40,0.6040332955147159,0.0,0.0,0.0
2023-04-04,spy_ief_60_40,0.6027018362069536,0.0,0.0,0.0
2023-04-05,spy_ief_60_40,0.6020738489706566,0.0,0.0,0.0
2023-04-06,spy_ief_60_40,0.603006289324364,0.0,0.0,0.0
2023-04-10,spy_ief_60_40,0.6032517964760682,0.0,0.0,0.0
2023-04-11,spy_ief_60_40,0.6033160955013129,0.0,0.0,0.0
2023-04-12,spy_ief_60_40,0.6023382035563469,0.0,0.0,0.0
2023-04-13,spy_ief_60_40,0.605494515943126,0.0,0.0,0.0
2023-04-14,spy_ief_60_40,0.5997964094375028,0.0,0.0,0.0
2023-04-17,spy_ief_60_40,0.6006558789557223,0.0,0.0,0.0
2023-04-18,spy_ief_60_40,0.6008122923985727,0.0,0.0,0.0
2023-04-19,spy_ief_60_40,0.6007717443911464,0.0,0.0,0.0
2023-04-20,spy_ief_60_40,0.5994585984021696,0.0,0.0,0.0
2023-04-21,spy_ief_60_40,0.5996450194479027,0.0,0.0,0.0
2023-04-24,spy_ief_60_40,0.5998952979327496,0.0,0.0,0.0
2023-04-25,spy_ief_60_40,0.5960486112402006,0.0,0.0,0.0
2023-04-26,spy_ief_60_40,0.5950262494127052,0.0,0.0,0.0
2023-04-27,spy_ief_60_40,0.5997672892940211,0.0,0.0,0.0
2023-04-28,spy_ief_60_40,0.6025729574199332,0.0,0.0,0.0
2023-05-01,spy_ief_60_40,0.6023309873203389,0.0,0.0,0.0
2023-05-02,spy_ief_60_40,0.5996205776159095,0.0,0.0,0.0
2023-05-03,spy_ief_60_40,0.5979658808921264,0.0,0.0,0.0
2023-05-04,spy_ief_60_40,0.5962558843668584,0.0,0.0,0.0
2023-05-05,spy_ief_60_40,0.6006638089431583,0.0,0.0,0.0
2023-05-08,spy_ief_60_40,0.6007277414667445,0.0,0.0,0.0
2023-05-09,spy_ief_60_40,0.5996731494588181,0.0,0.0,0.0
2023-05-10,spy_ief_60_40,0.6007916902691001,0.0,0.0,0.0
2023-05-11,spy_ief_60_40,0.6003729500078813,0.0,0.0,0.0
2023-05-12,spy_ief_60_40,0.5989348031437038,0.0,0.0,0.0
2023-05-15,spy_ief_60_40,0.5997617983779188,0.0,0.0,0.0
2023-05-16,spy_ief_60_40,0.598151195722993,0.0,0.0,0.0
2023-05-17,spy_ief_60_40,0.6010480025183235,0.0,0.0,0.0
2023-05-18,spy_ief_60_40,0.6033446314807919,0.0,0.0,0.0
2023-05-19,spy_ief_60_40,0.6029960594388438,0.0,0.0,0.0
2023-05-22,spy_ief_60_40,0.6030932477291273,0.0,0.0,0.0
2023-05-23,spy_ief_60_40,0.6003885189307651,0.0,0.0,0.0
2023-05-24,spy_ief_60_40,0.5986427344013084,0.0,0.0,0.0
2023-05-25,spy_ief_60_40,0.600712761173307,0.0,0.0,0.0
2023-05-26,spy_ief_60_40,0.6026918970932031,0.0,0.0,0.0
2023-05-30,spy_ief_60_40,0.6027830739026951,0.0,0.0,0.0
2023-05-31,spy_ief_60_40,0.6014509134809753,0.0,0.0,0.0
2023-06-01,spy_ief_60_40,0.6037153994894185,0.0,0.0,0.0
2023-06-02,spy_ief_60_40,0.607145227329849,0.0,0.0,0.0
2023-06-05,spy_ief_60_40,0.6066876241210868,0.0,0.0,0.0
2023-06-06,spy_ief_60_40,0.6072065471821401,0.0,0.0,0.0
2023-06-07,spy_ief_60_40,0.606380092611988,0.0,0.0,0.0
2023-06-08,spy_ief_60_40,0.6078185188238684,0.0,0.0,0.0
2023-06-09,spy_ief_60_40,0.6082457480726676,0.0,0.0,0.0
2023-06-12,spy_ief_60_40,0.6015975893816141,0.0,0.0,0.0
2023-06-13,spy_ief_60_40,0.6031715504454056,0.0,0.0,0.0
2023-06-14,spy_ief_60_40,0.6034563522270692,0.0,0.0,0.0
2023-06-15,spy_ief_60_40,0.6064010587068678,0.0,0.0,0.0
2023-06-16,spy_ief_60_40,0.6055864093784133,0.0,0.0,0.0
2023-06-20,spy_ief_60_40,0.604343280755324,0.0,0.0,0.0
2023-06-21,spy_ief_60_40,0.6031143328968903,0.0,0.0,0.0
2023-06-22,spy_ief_60_40,0.6039764961173794,0.0,0.0,0.0
2023-06-23,spy_ief_60_40,0.6021599274091568,0.0,0.0,0.0
2023-06-26,spy_ief_60_40,0.6011787533469815,0.0,0.0,0.0
2023-06-27,spy_ief_60_40,0.6021093261481142,0.0,0.0,0.0
2023-06-28,spy_ief_60_40,0.6022301106671468,0.0,0.0,0.0
2023-06-29,spy_ief_60_40,0.603172046591166,0.0,0.0,0.0
2023-06-30,spy_ief_60_40,0.6059766399801247,0.0,0.0,0.0
2023-07-03,spy_ief_60_40,0.6062511460477897,0.0,0.0,0.0
2023-07-05,spy_ief_60_40,0.6058958180594719,0.0,0.0,0.0
2023-07-06,spy_ief_60_40,0.6040170747258556,0.0,0.0,0.0
2023-07-07,spy_ief_60_40,0.6034123059994729,0.0,0.0,0.0
2023-07-10,spy_ief_60_40,0.6040170747258556,0.0,0.0,0.0
2023-07-11,spy_ief_60_40,0.6055344219158479,0.0,0.0,0.0
2023-07-12,spy_ief_60_40,0.599800958041613,0.0,0.0,0.0
2023-07-13,spy_ief_60_40,0.601697146662476,0.0,0.0,0.0
2023-07-14,spy_ief_60_40,0.6015477940938887,0.0,0.0,0.0
2023-07-17,spy_ief_60_40,0.6023782961209804,0.0,0.0,0.0
2023-07-18,spy_ief_60_40,0.6041501271470238,0.0,0.0,0.0
2023-07-19,spy_ief_60_40,0.6046812637536415,0.0,0.0,0.0
2023-07-20,spy_ief_60_40,0.6030889151646518,0.0,0.0,0.0
2023-07-21,spy_ief_60_40,0.6030889151646518,0.0,0.0,0.0
2023-07-24,spy_ief_60_40,0.604155419696091,0.0,0.0,0.0
2023-07-25,spy_ief_60_40,0.6048071943485399,0.0,0.0,0.0
2023-07-26,spy_ief_60_40,0.6005484626193706,0.0,0.0,0.0
2023-07-27,spy_ief_60_40,0.5989516331711695,0.0,0.0,0.0
2023-07-28,spy_ief_60_40,0.6012896422351737,0.0,0.0,0.0
2023-07-31,spy_ief_60_40,0.6017455875351266,0.0,0.0,0.0
2023-08-01,spy_ief_60_40,0.6010586295886372,0.0,0.0,0.0
2023-08-02,spy_ief_60_40,0.5976948946106031,0.0,0.0,0.0
2023-08-03,spy_ief_60_40,0.5970045706610194,0.0,0.0,0.0
2023-08-04,spy_ief_60_40,0.5959135232976731,0.0,0.0,0.0
2023-08-07,spy_ief_60_40,0.5980044685612396,0.0,0.0,0.0
2023-08-08,spy_ief_60_40,0.5969563609661235,0.0,0.0,0.0
2023-08-09,spy_ief_60_40,0.5982391710592914,0.0,0.0,0.0
2023-08-10,spy_ief_60_40,0.5983254447254708,0.0,0.0,0.0
2023-08-11,spy_ief_60_40,0.5981852545630965,0.0,0.0,0.0
2023-08-14,spy_ief_60_40,0.5995076701003804,0.0,0.0,0.0
2023-08-15,spy_ief_60_40,0.5966911149204204,0.0,0.0,0.0
2023-08-16,spy_ief_60_40,0.5949174532238563,0.0,0.0,0.0
2023-08-17,spy_ief_60_40,0.5930727380120141,0.0,0.0,0.0
2023-08-18,spy_ief_60_40,0.5931888394466901,0.0,0.0,0.0
2023-08-21,spy_ief_60_40,0.5947529041830054,0.0,0.0,0.0
2023-08-22,spy_ief_60_40,0.5940990225704226,0.0,0.0,0.0
2023-08-23,spy_ief_60_40,0.6020547287053669,0.0,0.0,0.0
2023-08-24,spy_ief_60_40,0.5987063163507349,0.0,0.0,0.0
2023-08-25,spy_ief_60_40,0.6003929835620628,0.0,0.0,0.0
2023-08-28,spy_ief_60_40,0.6019086427148911,0.0,0.0,0.0
2023-08-29,spy_ief_60_40,0.6053423451052549,0.0,0.0,0.0
2023-08-30,spy_ief_60_40,0.606323902049893,0.0,0.0,0.0
2023-08-31,spy_ief_60_40,0.6059742900288818,0.0,0.0,0.0
2023-09-01,spy_ief_60_40,0.606419100706405,0.0,0.0,0.0
2023-09-05,spy_ief_60_40,0.6053848595383468,0.0,0.0,0.0
2023-09-06,spy_ief_60_40,0.6037723733061694,0.0,0.0,0.0
2023-09-07,spy_ief_60_40,0.6009402256481642,0.0,0.0,0.0
2023-09-08,spy_ief_60_40,0.6013011118891868,0.0,0.0,0.0
2023-09-11,spy_ief_60_40,0.6028715478250826,0.0,0.0,0.0
2023-09-12,spy_ief_60_40,0.6015538606196745,0.0,0.0,0.0
2023-09-13,spy_ief_60_40,0.6018331276115927,0.0,0.0,0.0
2023-09-14,spy_ief_60_40,0.6038886502478893,0.0,0.0,0.0
2023-09-15,spy_ief_60_40,0.6009854549419437,0.0,0.0,0.0
2023-09-18,spy_ief_60_40,0.6011260537320943,0.0,0.0,0.0
2023-09-19,spy_ief_60_40,0.6006281989907454,0.0,0.0,0.0
2023-09-20,spy_ief_60_40,0.5984106993434696,0.0,0.0,0.0
2023-09-21,spy_ief_60_40,0.5976117156651362,0.0,0.0,0.0
2023-09-22,spy_ief_60_40,0.5970703093852734,0.0,0.0,0.0
2023-09-25,spy_ief_60_40,0.598079423646513,0.0,0.0,0.0
2023-09-26,spy_ief_60_40,0.594516612587752,0.0,0.0,0.0
2023-09-27,spy_ief_60_40,0.5946128487785884,0.0,0.0,0.0
2023-09-28,spy_ief_60_40,0.5960055042768674,0.0,0.0,0.0
2023-09-29,spy_ief_60_40,0.5954203282075624,0.0,0.0,0.0
2023-10-02,spy_ief_60_40,0.5953244396559533,0.0,0.0,0.0
2023-10-03,spy_ief_60_40,0.5920736814421647,0.0,0.0,0.0
2023-10-04,spy_ief_60_40,0.5938249325331755,0.0,0.0,0.0
2023-10-05,spy_ief_60_40,0.6000791706705453,0.0,0.0,0.0
2023-10-06,spy_ief_60_40,0.6029082836617683,0.0,0.0,0.0
2023-10-09,spy_ief_60_40,0.6044351573327607,0.0,0.0,0.0
2023-10-10,spy_ief_60_40,0.6056756829746084,0.0,0.0,0.0
2023-10-11,spy_ief_60_40,0.6066515872864796,0.0,0.0,0.0
2023-10-12,spy_ief_60_40,0.6051914313735832,0.0,0.0,0.0
2023-10-13,spy_ief_60_40,0.6039977227805421,0.0,0.0,0.0
2023-10-16,spy_ief_60_40,0.6064984207966804,0.0,0.0,0.0
2023-10-17,spy_ief_60_40,0.6064874389404047,0.0,0.0,0.0
2023-10-18,spy_ief_60_40,0.6032813768302537,0.0,0.0,0.0
2023-10-19,spy_ief_60_40,0.5974668182499846,0.0,0.0,0.0
2023-10-20,spy_ief_60_40,0.5944897206989552,0.0,0.0,0.0
2023-10-23,spy_ief_60_40,0.5940714373965746,0.0,0.0,0.0
2023-10-24,spy_ief_60_40,0.5958814825915921,0.0,0.0,0.0
2023-10-25,spy_ief_60_40,0.5923955405247141,0.0,0.0,0.0
2023-10-26,spy_ief_60_40,0.5894834700189832,0.0,0.0,0.0
2023-10-27,spy_ief_60_40,0.5883836198519385,0.0,0.0,0.0
2023-10-30,spy_ief_60_40,0.5912589911244197,0.0,0.0,0.0
2023-10-31,spy_ief_60_40,0.5927711263230849,0.0,0.0,0.0
2023-11-01,spy_ief_60_40,0.5953293262822609,0.0,0.0,0.0
2023-11-02,spy_ief_60_40,0.6023379949224045,0.0,0.0,0.0
2023-11-03,spy_ief_60_40,0.6045113877150152,0.0,0.0,0.0
2023-11-06,spy_ief_60_40,0.6050605611348676,0.0,0.0,0.0
2023-11-07,spy_ief_60_40,0.6057394765946943,0.0,0.0,0.0
2023-11-08,spy_ief_60_40,0.6059143494145657,0.0,0.0,0.0
2023-11-09,spy_ief_60_40,0.6040433058408052,0.0,0.0,0.0
2023-11-10,spy_ief_60_40,0.6077407328788025,0.0,0.0,0.0
2023-11-13,spy_ief_60_40,0.6075133825300523,0.0,0.0,0.0
2023-11-14,spy_ief_60_40,0.6120854355414894,0.0,0.0,0.0
2023-11-15,spy_ief_60_40,0.6125874270461381,0.0,0.0,0.0
2023-11-16,spy_ief_60_40,0.6005388802335452,0.0,0.0,0.0
2023-11-17,spy_ief_60_40,0.6008370024734194,0.0,0.0,0.0
2023-11-20,spy_ief_60_40,0.6026746862163019,0.0,0.0,0.0
2023-11-21,spy_ief_60_40,0.6021521141275791,0.0,0.0,0.0
2023-11-22,spy_ief_60_40,0.6030748789485636,0.0,0.0,0.0
2023-11-24,spy_ief_60_40,0.6032221004678795,0.0,0.0,0.0
2023-11-27,spy_ief_60_40,0.6027906122688502,0.0,0.0,0.0
2023-11-28,spy_ief_60_40,0.6030275321809692,0.0,0.0,0.0
2023-11-29,spy_ief_60_40,0.6028590672031009,0.0,0.0,0.0
2023-11-30,spy_ief_60_40,0.6037995607516686,0.0,0.0,0.0
2023-12-01,spy_ief_60_40,0.6017458714956948,0.0,0.0,0.0
2023-12-04,spy_ief_60_40,0.6004838866716421,0.0,0.0,0.0
2023-12-05,spy_ief_60_40,0.6004366091497874,0.0,0.0,0.0
2023-12-06,spy_ief_60_40,0.5994674514061782,0.0,0.0,0.0
2023-12-07,spy_ief_60_40,0.6012912187750676,0.0,0.0,0.0
2023-12-08,spy_ief_60_40,0.6023192522437524,0.0,0.0,0.0
2023-12-11,spy_ief_60_40,0.6032487312942091,0.0,0.0,0.0
2023-12-12,spy_ief_60_40,0.6043388555191441,0.0,0.0,0.0
2023-12-13,spy_ief_60_40,0.6076090000099268,0.0,0.0,0.0
2023-12-14,spy_ief_60_40,0.6083726693154923,0.0,0.0,0.0
2023-12-15,spy_ief_60_40,0.5999181905182321,0.0,0.0,0.0
2023-12-18,spy_ief_60_40,0.6012637584995445,0.0,0.0,0.0
2023-12-19,spy_ief_60_40,0.6027163255566926,0.0,0.0,0.0
2023-12-20,spy_ief_60_40,0.5993702393136424,0.0,0.0,0.0
2023-12-21,spy_ief_60_40,0.6016342216703172,0.0,0.0,0.0
2023-12-22,spy_ief_60_40,0.6021152878130378,0.0,0.0,0.0
2023-12-26,spy_ief_60_40,0.6031243243062167,0.0,0.0,0.0
2023-12-27,spy_ief_60_40,0.6035566437291869,0.0,0.0,0.0
2023-12-28,spy_ief_60_40,0.6036470096553347,0.0,0.0,0.0
2023-12-29,spy_ief_60_40,0.6029531863360458,0.0,0.0,0.0
2024-01-02,spy_ief_60_40,0.600248908162058,0.0,0.0,0.0
2024-01-03,spy_ief_60_40,0.5982796823339978,0.0,0.0,0.0
2024-01-04,spy_ief_60_40,0.5975040187728932,0.0,0.0,0.0
2024-01-05,spy_ief_60_40,0.5978331420631445,0.0,0.0,0.0
2024-01-08,spy_ief_60_40,0.6012364333081884,0.0,0.0,0.0
2024-01-09,spy_ief_60_40,0.6008723634448034,0.0,0.0,0.0
2024-01-10,spy_ief_60_40,0.6022240902302682,0.0,0.0,0.0
2024-01-11,spy_ief_60_40,0.6021185224581582,0.0,0.0,0.0
2024-01-12,spy_ief_60_40,0.6022844119731037,0.0,0.0,0.0
2024-01-16,spy_ief_60_40,0.6014030590268171,0.0,0.0,0.0
2024-01-17,spy_ief_60_40,0.6002389320338481,0.0,0.0,0.0
2024-01-18,spy_ief_60_40,0.602361436391324,0.0,0.0,0.0
2024-01-19,spy_ief_60_40,0.6053250993149997,0.0,0.0,0.0
2024-01-22,spy_ief_60_40,0.6058296189841007,0.0,0.0,0.0
2024-01-23,spy_ief_60_40,0.6065248560395603,0.0,0.0,0.0
2024-01-24,spy_ief_60_40,0.6067855375719021,0.0,0.0,0.0
2024-01-25,spy_ief_60_40,0.6080789709004499,0.0,0.0,0.0
2024-01-26,spy_ief_60_40,0.6077759890670009,0.0,0.0,0.0
2024-01-29,spy_ief_60_40,0.6096547929268159,0.0,0.0,0.0
2024-01-30,spy_ief_60_40,0.6094706523687329,0.0,0.0,0.0
2024-01-31,spy_ief_60_40,0.5971606228389756,0.0,0.0,0.0
2024-02-01,spy_ief_60_40,0.6002846756064217,0.0,0.0,0.0
2024-02-02,spy_ief_60_40,0.6027947714509531,0.0,0.0,0.0
2024-02-05,spy_ief_60_40,0.6019210952535128,0.0,0.0,0.0
2024-02-06,spy_ief_60_40,0.602615525372195,0.0,0.0,0.0
2024-02-07,spy_ief_60_40,0.6046028141676728,0.0,0.0,0.0
2024-02-08,spy_ief_60_40,0.6047083571471703,0.0,0.0,0.0
2024-02-09,spy_ief_60_40,0.6060850486923735,0.0,0.0,0.0
2024-02-12,spy_ief_60_40,0.6059802247799172,0.0,0.0,0.0
2024-02-13,spy_ief_60_40,0.6026639857998574,0.0,0.0,0.0
2024-02-14,spy_ief_60_40,0.6008580753956501,0.0,0.0,0.0
2024-02-15,spy_ief_60_40,0.6025059673048468,0.0,0.0,0.0
2024-02-16,spy_ief_60_40,0.60130973539994,0.0,0.0,0.0
2024-02-20,spy_ief_60_40,0.5999855095336233,0.0,0.0,0.0
2024-02-21,spy_ief_60_40,0.6002027746770113,0.0,0.0,0.0
2024-02-22,spy_ief_60_40,0.6051079314210637,0.0,0.0,0.0
2024-02-23,spy_ief_60_40,0.605272655638526,0.0,0.0,0.0
2024-02-26,spy_ief_60_40,0.6043956775849857,0.0,0.0,0.0
2024-02-27,spy_ief_60_40,0.6048393713766732,0.0,0.0,0.0
2024-02-28,spy_ief_60_40,0.6045232092113452,0.0,0.0,0.0
2024-02-29,spy_ief_60_40,0.6000047139001948,0.0,0.0,0.0
2024-03-01,spy_ief_60_40,0.6022452492176835,0.0,0.0,0.0
2024-03-04,spy_ief_60_40,0.6019882085677152,0.0,0.0,0.0
2024-03-05,spy_ief_60_40,0.5995791146030535,0.0,0.0,0.0
2024-03-06,spy_ief_60_40,0.6007920191925743,0.0,0.0,0.0
2024-03-07,spy_ief_60_40,0.6031586407973484,0.0,0.0,0.0
2024-03-08,spy_ief_60_40,0.6017167469084864,0.0,0.0,0.0
2024-03-11,spy_ief_60_40,0.6015105764816949,0.0,0.0,0.0
2024-03-12,spy_ief_60_40,0.6040724928674179,0.0,0.0,0.0
2024-03-13,spy_ief_60_40,0.6036972322056455,0.0,0.0,0.0
2024-03-14,spy_ief_60_40,0.5990600435801419,0.0,0.0,0.0
2024-03-15,spy_ief_60_40,0.5974039911577225,0.0,0.0,0.0
2024-03-18,spy_ief_60_40,0.5988283255809701,0.0,0.0,0.0
2024-03-19,spy_ief_60_40,0.6001589189861259,0.0,0.0,0.0
2024-03-20,spy_ief_60_40,0.6023661591189559,0.0,0.0,0.0
2024-03-21,spy_ief_60_40,0.6031561447533239,0.0,0.0,0.0
2024-03-22,spy_ief_60_40,0.6027018723611735,0.0,0.0,0.0
2024-03-25,spy_ief_60_40,0.6020392045152421,0.0,0.0,0.0
2024-03-26,spy_ief_60_40,0.6015961676825069,0.0,0.0,0.0
2024-03-27,spy_ief_60_40,0.6036002975742476,0.0,0.0,0.0
2024-03-28,spy_ief_60_40,0.5999357640133006,0.0,0.0,0.0
2024-04-01,spy_ief_60_40,0.5995177263559169,0.0,0.0,0.0
2024-04-02,spy_ief_60_40,0.5979853486899592,0.0,0.0,0.0
2024-04-03,spy_ief_60_40,0.5982492238125916,0.0,0.0,0.0
2024-04-04,spy_ief_60_40,0.5952939745231277,0.0,0.0,0.0
2024-04-05,spy_ief_60_40,0.5977952537481438,0.0,0.0,0.0
2024-04-08,spy_ief_60_40,0.597929743492113,0.0,0.0,0.0
2024-04-09,spy_ief_60_40,0.5982076301941894,0.0,0.0,0.0
2024-04-10,spy_ief_60_40,0.5957864065817068,0.0,0.0,0.0
2024-04-11,spy_ief_60_40,0.5975957455921882,0.0,0.0,0.0
2024-04-12,spy_ief_60_40,0.5983508361793024,0.0,0.0,0.0
2024-04-15,spy_ief_60_40,0.595317240475385,0.0,0.0,0.0
2024-04-16,spy_ief_60_40,0.5948773857922102,0.0,0.0,0.0
2024-04-17,spy_ief_60_40,0.5934460659972589,0.0,0.0,0.0
2024-04-18,spy_ief_60_40,0.5929489804246748,0.0,0.0,0.0
2024-04-19,spy_ief_60_40,0.5908313650865703,0.0,0.0,0.0
2024-04-22,spy_ief_60_40,0.5930456190446015,0.0,0.0,0.0
2024-04-23,spy_ief_60_40,0.5958895215665396,0.0,0.0,0.0
2024-04-24,spy_ief_60_40,0.5957752008132806,0.0,0.0,0.0
2024-04-25,spy_ief_60_40,0.5948582412821358,0.0,0.0,0.0
2024-04-26,spy_ief_60_40,0.6009032600678793,0.0,0.0,0.0
2024-04-29,spy_ief_60_40,0.6017507533662226,0.0,0.0,0.0
2024-04-30,spy_ief_60_40,0.597917918725816,0.0,0.0,0.0
2024-05-01,spy_ief_60_40,0.5971357517509659,0.0,0.0,0.0
2024-05-02,spy_ief_60_40,0.5993733700902779,0.0,0.0,0.0
2024-05-03,spy_ief_60_40,0.6023278414672242,0.0,0.0,0.0
2024-05-06,spy_ief_60_40,0.6047860992091367,0.0,0.0,0.0
2024-05-07,spy_ief_60_40,0.6050496685084721,0.0,0.0,0.0
2024-05-08,spy_ief_60_40,0.6050727738736401,0.0,0.0,0.0
2024-05-09,spy_ief_60_40,0.6064448540941262,0.0,0.0,0.0
2024-05-10,spy_ief_60_40,0.5995533759468225,0.0,0.0,0.0
2024-05-13,spy_ief_60_40,0.5995856067355521,0.0,0.0,0.0
2024-05-14,spy_ief_60_40,0.6006841051414413,0.0,0.0,0.0
2024-05-15,spy_ief_60_40,0.6036324704383483,0.0,0.0,0.0
2024-05-16,spy_ief_60_40,0.6031395304526875,0.0,0.0,0.0
2024-05-17,spy_ief_60_40,0.6034833700726072,0.0,0.0,0.0
2024-05-20,spy_ief_60_40,0.6037588347994439,0.0,0.0,0.0
2024-05-21,spy_ief_60_40,0.6043447030647985,0.0,0.0,0.0
2024-05-22,spy_ief_60_40,0.6036549961636389,0.0,0.0,0.0
2024-05-23,spy_ief_60_40,0.6018996692429219,0.0,0.0,0.0
2024-05-24,spy_ief_60_40,0.6007216406292363,0.0,0.0,0.0
2024-05-28,spy_ief_60_40,0.6008891873902716,0.0,0.0,0.0
2024-05-29,spy_ief_60_40,0.5992027262310432,0.0,0.0,0.0
2024-05-30,spy_ief_60_40,0.5976032384444517,0.0,0.0,0.0
2024-05-31,spy_ief_60_40,0.599781635773179,0.0,0.0,0.0
2024-06-03,spy_ief_60_40,0.5999772773383228,0.0,0.0,0.0
2024-06-04,spy_ief_60_40,0.6002453954826086,0.0,0.0,0.0
2024-06-05,spy_ief_60_40,0.6030770693536134,0.0,0.0,0.0
2024-06-06,spy_ief_60_40,0.6030725192195787,0.0,0.0,0.0
2024-06-07,spy_ief_60_40,0.6027813730565355,0.0,0.0,0.0
2024-06-10,spy_ief_60_40,0.6011132054540365,0.0,0.0,0.0
2024-06-11,spy_ief_60_40,0.6016898224209416,0.0,0.0,0.0
2024-06-12,spy_ief_60_40,0.6036484931783807,0.0,0.0,0.0
2024-06-13,spy_ief_60_40,0.6041296431629851,0.0,0.0,0.0
2024-06-14,spy_ief_60_40,0.6042750899492781,0.0,0.0,0.0
2024-06-17,spy_ief_60_40,0.6061691421653373,0.0,0.0,0.0
2024-06-18,spy_ief_60_40,0.6067747820165919,0.0,0.0,0.0
2024-06-20,spy_ief_60_40,0.6061255250474387,0.0,0.0,0.0
2024-06-21,spy_ief_60_40,0.6058051890243575,0.0,0.0,0.0
2024-06-24,spy_ief_60_40,0.6050274059911152,0.0,0.0,0.0
2024-06-25,spy_ief_60_40,0.6003702638467314,0.0,0.0,0.0
2024-06-26,spy_ief_60_40,0.6006695362579436,0.0,0.0,0.0
2024-06-27,spy_ief_60_40,0.601047313526354,0.0,0.0,0.0
2024-06-28,spy_ief_60_40,0.6001014858670793,0.0,0.0,0.0
2024-07-01,spy_ief_60_40,0.6005947533505082,0.0,0.0,0.0
2024-07-02,spy_ief_60_40,0.6022026211527247,0.0,0.0,0.0
2024-07-03,spy_ief_60_40,0.603268762970568,0.0,0.0,0.0
2024-07-05,spy_ief_60_40,0.6046440637328896,0.0,0.0,0.0
2024-07-08,spy_ief_60_40,0.6049197726601816,0.0,0.0,0.0
2024-07-09,spy_ief_60_40,0.6051520330005855,0.0,0.0,0.0
2024-07-10,spy_ief_60_40,0.6018226653562245,0.0,0.0,0.0
2024-07-11,spy_ief_60_40,0.599745607998773,0.0,0.0,0.0
2024-07-12,spy_ief_60_40,0.601254037725458,0.0,0.0,0.0
2024-07-15,spy_ief_60_40,0.6019122711372328,0.0,0.0,0.0
2024-07-16,spy_ief_60_40,0.6033281491427045,0.0,0.0,0.0
2024-07-17,spy_ief_60_40,0.5999439556590602,0.0,0.0,0.0
2024-07-18,spy_ief_60_40,0.5980909594596846,0.0,0.0,0.0
2024-07-19,spy_ief_60_40,0.5964883334520473,0.0,0.0,0.0
2024-07-22,spy_ief_60_40,0.5989546877980185,0.0,0.0,0.0
2024-07-23,spy_ief_60_40,0.5985775116357981,0.0,0.0,0.0
2024-07-24,spy_ief_60_40,0.5966355653300762,0.0,0.0,0.0
2024-07-25,spy_ief_60_40,0.5953777022247317,0.0,0.0,0.0
2024-07-26,spy_ief_60_40,0.5980579240325706,0.0,0.0,0.0
2024-07-29,spy_ief_60_40,0.5981991394771959,0.0,0.0,0.0
2024-07-30,spy_ief_60_40,0.5969776765657824,0.0,0.0,0.0
2024-07-31,spy_ief_60_40,0.6008508677991109,0.0,0.0,0.0
2024-08-01,spy_ief_60_40,0.5974255185040164,0.0,0.0,0.0
2024-08-02,spy_ief_60_40,0.5928972756211771,0.0,0.0,0.0
2024-08-05,spy_ief_60_40,0.5857441590703751,0.0,0.0,0.0
2024-08-06,spy_ief_60_40,0.5879692697441268,0.0,0.0,0.0
2024-08-07,spy_ief_60_40,0.5954946964708941,0.0,0.0,0.0
2024-08-08,spy_ief_60_40,0.6009875984567016,0.0,0.0,0.0
2024-08-09,spy_ief_60_40,0.6020422815442711,0.0,0.0,0.0
2024-08-12,spy_ief_60_40,0.6021680713814208,0.0,0.0,0.0
2024-08-13,spy_ief_60_40,0.6060692069308683,0.0,0.0,0.0
2024-08-14,spy_ief_60_40,0.6068209862631082,0.0,0.0,0.0
2024-08-15,spy_ief_60_40,0.6108683296114114,0.0,0.0,0.0
2024-08-16,spy_ief_60_40,0.6114005552548657,0.0,0.0,0.0
2024-08-19,spy_ief_60_40,0.6136590574793934,0.0,0.0,0.0
2024-08-20,spy_ief_60_40,0.6132731738273487,0.0,0.0,0.0
2024-08-21,spy_ief_60_40,0.6003640932013407,0.0,0.0,0.0
2024-08-22,spy_ief_60_40,0.5984721408786895,0.0,0.0,0.0
2024-08-23,spy_ief_60_40,0.6010092768632577,0.0,0.0,0.0
2024-08-26,spy_ief_60_40,0.6004368257103614,0.0,0.0,0.0
2024-08-27,spy_ief_60_40,0.6007659845933561,0.0,0.0,0.0
2024-08-28,spy_ief_60_40,0.5993687672929643,0.0,0.0,0.0
2024-08-29,spy_ief_60_40,0.5993902041947482,0.0,0.0,0.0
2024-08-30,spy_ief_60_40,0.6016693988543731,0.0,0.0,0.0
2024-09-03,spy_ief_60_40,0.5966755174314012,0.0,0.0,0.0
2024-09-04,spy_ief_60_40,0.5961823947311101,0.0,0.0,0.0
2024-09-05,spy_ief_60_40,0.5994415656292859,0.0,0.0,0.0
2024-09-06,spy_ief_60_40,0.5953592775620501,0.0,0.0,0.0
2024-09-09,spy_ief_60_40,0.5980386528976547,0.0,0.0,0.0
2024-09-10,spy_ief_60_40,0.5990830047924386,0.0,0.0,0.0
2024-09-11,spy_ief_60_40,0.6015319813833875,0.0,0.0,0.0
2024-09-12,spy_ief_60_40,0.603540800099545,0.0,0.0,0.0
2024-09-13,spy_ief_60_40,0.6047865675138621,0.0,0.0,0.0
2024-09-16,spy_ief_60_40,0.6051392249841189,0.0,0.0,0.0
2024-09-17,spy_ief_60_40,0.6052368774038214,0.0,0.0,0.0
2024-09-18,spy_ief_60_40,0.6045269938536226,0.0,0.0,0.0
2024-09-19,spy_ief_60_40,0.5999873780519717,0.0,0.0,0.0
2024-09-20,spy_ief_60_40,0.5995720769515857,0.0,0.0,0.0
2024-09-23,spy_ief_60_40,0.600171126037457,0.0,0.0,0.0
2024-09-24,spy_ief_60_40,0.6008565537630696,0.0,0.0,0.0
2024-09-25,spy_ief_60_40,0.6003269326992376,0.0,0.0,0.0
2024-09-26,spy_ief_60_40,0.6012759447224035,0.0,0.0,0.0
2024-09-27,spy_ief_60_40,0.6009279132383718,0.0,0.0,0.0
2024-09-30,spy_ief_60_40,0.6018866012468147,0.0,0.0,0.0
2024-10-01,spy_ief_60_40,0.5997283507508094,0.0,0.0,0.0
2024-10-02,spy_ief_60_40,0.5998296332570044,0.0,0.0,0.0
2024-10-03,spy_ief_60_40,0.6001945001263528,0.0,0.0,0.0
2024-10-04,spy_ief_60_40,0.6023632410644825,0.0,0.0,0.0
2024-10-07,spy_ief_60_40,0.6001860424446036,0.0,0.0,0.0
2024-10-08,spy_ief_60_40,0.6024426892030265,0.0,0.0,0.0
2024-10-09,spy_ief_60_40,0.6040946823430574,0.0,0.0,0.0
2024-10-10,spy_ief_60_40,0.6036756974271653,0.0,0.0,0.0
2024-10-11,spy_ief_60_40,0.6051032214412058,0.0,0.0,0.0
2024-10-14,spy_ief_60_40,0.6070478819387172,0.0,0.0,0.0
2024-10-15,spy_ief_60_40,0.6051856896616128,0.0,0.0,0.0
2024-10-16,spy_ief_60_40,0.6062215054113491,0.0,0.0,0.0
2024-10-17,spy_ief_60_40,0.5985364208559756,0.0,0.0,0.0
2024-10-18,spy_ief_60_40,0.5994586352153153,0.0,0.0,0.0
2024-10-21,spy_ief_60_40,0.599063919804494,0.0,0.0,0.0
2024-10-22,spy_ief_60_40,0.5989362830347564,0.0,0.0,0.0
2024-10-23,spy_ief_60_40,0.5967293223708098,0.0,0.0,0.0
2024-10-24,spy_ief_60_40,0.5972490989397103,0.0,0.0,0.0
2024-10-25,spy_ief_60_40,0.5971659990065596,0.0,0.0,0.0
2024-10-28,spy_ief_60_40,0.5979082807511049,0.0,0.0,0.0
2024-10-29,spy_ief_60_40,0.5982969806453979,0.0,0.0,0.0
2024-10-30,spy_ief_60_40,0.5975686200760161,0.0,0.0,0.0
2024-10-31,spy_ief_60_40,0.5970935025835646,0.0,0.0,0.0
2024-11-01,spy_ief_60_40,0.598106289437794,0.0,0.0,0.0
2024-11-04,spy_ief_60_40,0.5975878514859791,0.0,0.0,0.0
2024-11-05,spy_ief_60_40,0.6004748194854392,0.0,0.0,0.0
2024-11-06,spy_ief_60_40,0.6063523993080357,0.0,0.0,0.0
2024-11-07,spy_ief_60_40,0.6081893740181648,0.0,0.0,0.0
2024-11-08,spy_ief_60_40,0.6092188843889628,0.0,0.0,0.0
2024-11-11,spy_ief_60_40,0.6094456165560134,0.0,0.0,0.0
2024-11-12,spy_ief_60_40,0.6087048310952304,0.0,0.0,0.0
2024-11-13,spy_ief_60_40,0.608820505333155,0.0,0.0,0.0
2024-11-14,spy_ief_60_40,0.5983984757471276,0.0,0.0,0.0
2024-11-15,spy_ief_60_40,0.5952965419553398,0.0,0.0,0.0
2024-11-18,spy_ief_60_40,0.5962812628129267,0.0,0.0,0.0
2024-11-19,spy_ief_60_40,0.5971593202795681,0.0,0.0,0.0
2024-11-20,spy_ief_60_40,0.5972408358460884,0.0,0.0,0.0
2024-11-21,spy_ief_60_40,0.5985280237067122,0.0,0.0,0.0
2024-11-22,spy_ief_60_40,0.5992714054708401,0.0,0.0,0.0
2024-11-25,spy_ief_60_40,0.6000843670733322,0.0,0.0,0.0
2024-11-26,spy_ief_60_40,0.601333491968977,0.0,0.0,0.0
2024-11-27,spy_ief_60_40,0.60060574031485,0.0,0.0,0.0
2024-11-29,spy_ief_60_40,0.6011533263325899,0.0,0.0,0.0
2024-12-02,spy_ief_60_40,0.601582627715697,0.0,0.0,0.0
2024-12-03,spy_ief_60_40,0.6016937490273705,0.0,0.0,0.0
2024-12-04,spy_ief_60_40,0.6031763723777229,0.0,0.0,0.0
2024-12-05,spy_ief_60_40,0.6027820978669857,0.0,0.0,0.0
2024-12-06,spy_ief_60_40,0.6032354497157638,0.0,0.0,0.0
2024-12-09,spy_ief_60_40,0.6019990991968474,0.0,0.0,0.0
2024-12-10,spy_ief_60_40,0.6012527604221105,0.0,0.0,0.0
2024-12-11,spy_ief_60_40,0.6030975996367689,0.0,0.0,0.0
2024-12-12,spy_ief_60_40,0.6018603393894724,0.0,0.0,0.0
2024-12-13,spy_ief_60_40,0.5991313622096646,0.0,0.0,0.0
2024-12-16,spy_ief_60_40,0.6001542944869391,0.0,0.0,0.0
2024-12-17,spy_ief_60_40,0.5991631310306221,0.0,0.0,0.0
2024-12-18,spy_ief_60_40,0.5918752299199438,0.0,0.0,0.0
2024-12-19,spy_ief_60_40,0.5918009791502147,0.0,0.0,0.0
2024-12-20,spy_ief_60_40,0.5946820674116863,0.0,0.0,0.0
2024-12-23,spy_ief_60_40,0.5961203396108458,0.0,0.0,0.0
2024-12-24,spy_ief_60_40,0.5987787845801823,0.0,0.0,0.0
2024-12-26,spy_ief_60_40,0.5987947962560062,0.0,0.0,0.0
2024-12-27,spy_ief_60_40,0.5962498247547942,0.0,0.0,0.0
2024-12-30,spy_ief_60_40,0.600134655790805,0.0,0.0,0.0
2024-12-31,spy_ief_60_40,0.5992597210706244,0.0,0.0,0.0
2025-01-02,spy_ief_60_40,0.5986688110591555,0.0,0.0,0.0
2025-01-03,spy_ief_60_40,0.6016505956249169,0.0,0.0,0.0
2025-01-06,spy_ief_60_40,0.6030264596571009,0.0,0.0,0.0
2025-01-07,spy_ief_60_40,0.6003018647275834,0.0,0.0,0.0
2025-01-08,spy_ief_60_40,0.6006520712900666,0.0,0.0,0.0
2025-01-10,spy_ief_60_40,0.5969560276581793,0.0,0.0,0.0
2025-01-13,spy_ief_60_40,0.5973287257427787,0.0,0.0,0.0
2025-01-14,spy_ief_60_40,0.5976594205848624,0.0,0.0,0.0
2025-01-15,spy_ief_60_40,0.6009935838212742,0.0,0.0,0.0
2025-01-16,spy_ief_60_40,0.6005319044739595,0.0,0.0,0.0
2025-01-17,spy_ief_60_40,0.6029259632144089,0.0,0.0,0.0
2025-01-21,spy_ief_60_40,0.6051053543714838,0.0,0.0,0.0
2025-01-22,spy_ief_60_40,0.6064440781944023,0.0,0.0,0.0
2025-01-23,spy_ief_60_40,0.6077424450870769,0.0,0.0,0.0
2025-01-24,spy_ief_60_40,0.6070452649623584,0.0,0.0,0.0
2025-01-27,spy_ief_60_40,0.6036417923806336,0.0,0.0,0.0
2025-01-28,spy_ief_60_40,0.6056869960866125,0.0,0.0,0.0
2025-01-29,spy_ief_60_40,0.6046133881181016,0.0,0.0,0.0
2025-01-30,spy_ief_60_40,0.6004286900851609,0.0,0.0,0.0
2025-01-31,spy_ief_60_40,0.5991478115349698,0.0,0.0,0.0
2025-02-03,spy_ief_60_40,0.5975250014669857,0.0,0.0,0.0
2025-02-04,spy_ief_60_40,0.5991318419287389,0.0,0.0,0.0
2025-02-05,spy_ief_60_40,0.6001032480617812,0.0,0.0,0.0
2025-02-06,spy_ief_60_40,0.6009355968298262,0.0,0.0,0.0
2025-02-07,spy_ief_60_40,0.5987283107307202,0.0,0.0,0.0
2025-02-10,spy_ief_60_40,0.600353331736582,0.0,0.0,0.0
2025-02-11,spy_ief_60_40,0.6005357396944355,0.0,0.0,0.0
2025-02-12,spy_ief_60_40,0.5997614296898125,0.0,0.0,0.0
2025-02-13,spy_ief_60_40,0.602073630400903,0.0,0.0,0.0
2025-02-14,spy_ief_60_40,0.6020618376741234,0.0,0.0,0.0
2025-02-18,spy_ief_60_40,0.6027639832061675,0.0,0.0,0.0
2025-02-19,spy_ief_60_40,0.6033270381776834,0.0,0.0,0.0
2025-02-20,spy_ief_60_40,0.6023288710293682,0.0,0.0,0.0
2025-02-21,spy_ief_60_40,0.5981892901897671,0.0,0.0,0.0
2025-02-24,spy_ief_60_40,0.5970925915964836,0.0,0.0,0.0
2025-02-25,spy_ief_60_40,0.5958925958491407,0.0,0.0,0.0
2025-02-26,spy_ief_60_40,0.5960141249141468,0.0,0.0,0.0
2025-02-27,spy_ief_60_40,0.5921338648149205,0.0,0.0,0.0
2025-02-28,spy_ief_60_40,0.6035020937530642,0.0,0.0,0.0
2025-03-03,spy_ief_60_40,0.5992649883630157,0.0,0.0,0.0
2025-03-04,spy_ief_60_40,0.5964021122092383,0.0,0.0,0.0
2025-03-05,spy_ief_60_40,0.598972717230784,0.0,0.0,0.0
2025-03-06,spy_ief_60_40,0.594662988594732,0.0,0.0,0.0
2025-03-07,spy_ief_60_40,0.5960094758682151,0.0,0.0,0.0
2025-03-10,spy_ief_60_40,0.5894926689990456,0.0,0.0,0.0
2025-03-11,spy_ief_60_40,0.5874711152881681,0.0,0.0,0.0
2025-03-12,spy_ief_60_40,0.5887531255123034,0.0,0.0,0.0
2025-03-13,spy_ief_60_40,0.5855000102906196,0.0,0.0,0.0
2025-03-14,spy_ief_60_40,0.6028707674124107,0.0,0.0,0.0
2025-03-17,spy_ief_60_40,0.604708466482746,0.0,0.0,0.0
2025-03-18,spy_ief_60_40,0.6021078695306914,0.0,0.0,0.0
2025-03-19,spy_ief_60_40,0.6047000337135293,0.0,0.0,0.0
2025-03-20,spy_ief_60_40,0.6040075551861932,0.0,0.0,0.0
2025-03-21,spy_ief_60_40,0.604086470741659,0.0,0.0,0.0
2025-03-24,spy_ief_60_40,0.6083237272531438,0.0,0.0,0.0
2025-03-25,spy_ief_60_40,0.6088956528901275,0.0,0.0,0.0
2025-03-26,spy_ief_60_40,0.6060318157921105,0.0,0.0,0.0
2025-03-27,spy_ief_60_40,0.6053967342879357,0.0,0.0,0.0
2025-03-28,spy_ief_60_40,0.5957670128104592,0.0,0.0,0.0
2025-03-31,spy_ief_60_40,0.5973772010342254,0.0,0.0,0.0
2025-04-01,spy_ief_60_40,0.598055367821517,0.0,0.0,0.0
2025-04-02,spy_ief_60_40,0.5995708924326286,0.0,0.0,0.0
2025-04-03,spy_ief_60_40,0.5873790610594474,0.0,0.0,0.0
2025-04-04,spy_ief_60_40,0.5726850046990617,0.0,0.0,0.0
2025-04-07,spy_ief_60_40,0.5722486659951961,0.0,0.0,0.0
2025-04-08,spy_ief_60_40,0.5683800697797166,0.0,0.0,0.0
2025-04-09,spy_ief_60_40,0.5926926138054591,0.0,0.0,0.0
2025-04-10,spy_ief_60_40,0.5818323131633925,0.0,0.0,0.0
2025-04-11,spy_ief_60_40,0.6049534681392794,0.0,0.0,0.0
2025-04-14,spy_ief_60_40,0.6072584318356704,0.0,0.0,0.0
2025-04-15,spy_ief_60_40,0.6065892801198141,0.0,0.0,0.0
2025-04-16,spy_ief_60_40,0.6012123572058663,0.0,0.0,0.0
2025-04-17,spy_ief_60_40,0.6015541170906445,0.0,0.0,0.0
2025-04-21,spy_ief_60_40,0.595766041374098,0.0,0.0,0.0
2025-04-22,spy_ief_60_40,0.6019362571891077,0.0,0.0,0.0
2025-04-23,spy_ief_60_40,0.6056147617712597,0.0,0.0,0.0
2025-04-24,spy_ief_60_40,0.6105789560397914,0.0,0.0,0.0
2025-04-25,spy_ief_60_40,0.6122893584166977,0.0,0.0,0.0
2025-04-28,spy_ief_60_40,0.5997648024427797,0.0,0.0,0.0
2025-04-29,spy_ief_60_40,0.6012712351889713,0.0,0.0,0.0
2025-04-30,spy_ief_60_40,0.6013664064271597,0.0,0.0,0.0
2025-05-01,spy_ief_60_40,0.603058083720895,0.0,0.0,0.0
2025-05-02,spy_ief_60_40,0.6065799370064067,0.0,0.0,0.0
2025-05-05,spy_ief_60_40,0.6052067184089366,0.0,0.0,0.0
2025-05-06,spy_ief_60_40,0.6031994813717159,0.0,0.0,0.0
2025-05-07,spy_ief_60_40,0.6042035326509994,0.0,0.0,0.0
2025-05-08,spy_ief_60_40,0.6058628366037938,0.0,0.0,0.0
2025-05-09,spy_ief_60_40,0.6055583477096554,0.0,0.0,0.0
2025-05-12,spy_ief_60_40,0.6006264010537945,0.0,0.0,0.0
2025-05-13,spy_ief_60_40,0.6022042502915077,0.0,0.0,0.0
2025-05-14,spy_ief_60_40,0.6025101749995713,0.0,0.0,0.0
2025-05-15,spy_ief_60_40,0.6036765028525569,0.0,0.0,0.0
2025-05-16,spy_ief_60_40,0.6051861548121036,0.0,0.0,0.0
2025-05-19,spy_ief_60_40,0.6054473394781725,0.0,0.0,0.0
2025-05-20,spy_ief_60_40,0.6046425401788444,0.0,0.0,0.0
2025-05-21,spy_ief_60_40,0.6005729181600383,0.0,0.0,0.0
2025-05-22,spy_ief_60_40,0.6006675358925648,0.0,0.0,0.0
2025-05-23,spy_ief_60_40,0.5990235494584936,0.0,0.0,0.0
2025-05-27,spy_ief_60_40,0.6020695413570522,0.0,0.0,0.0
2025-05-28,spy_ief_60_40,0.6006785986622379,0.0,0.0,0.0
2025-05-29,spy_ief_60_40,0.6016232024454654,0.0,0.0,0.0
2025-05-30,spy_ief_60_40,0.6013549381972236,0.0,0.0,0.0
2025-06-02,spy_ief_60_40,0.602700767283296,0.0,0.0,0.0
2025-06-03,spy_ief_60_40,0.604061601687232,0.0,0.0,0.0
2025-06-04,spy_ief_60_40,0.603997364482589,0.0,0.0,0.0
2025-06-05,spy_ief_60_40,0.6028380420468022,0.0,0.0,0.0
2025-06-06,spy_ief_60_40,0.605281573638882,0.0,0.0,0.0
2025-06-09,spy_ief_60_40,0.605496789681381,0.0,0.0,0.0
2025-06-10,spy_ief_60_40,0.6011403390634268,0.0,0.0,0.0
2025-06-11,spy_ief_60_40,0.6004553369966535,0.0,0.0,0.0
2025-06-12,spy_ief_60_40,0.6014065253553242,0.0,0.0,0.0
2025-06-13,spy_ief_60_40,0.5987083253284344,0.0,0.0,0.0
2025-06-16,spy_ief_60_40,0.6009812208761008,0.0,0.0,0.0
2025-06-17,spy_ief_60_40,0.5989214915875305,0.0,0.0,0.0
2025-06-18,spy_ief_60_40,0.5988853277241621,0.0,0.0,0.0
2025-06-20,spy_ief_60_40,0.5983203407519398,0.0,0.0,0.0
2025-06-23,spy_ief_60_40,0.6006802931216755,0.0,0.0,0.0
2025-06-24,spy_ief_60_40,0.6033126432199117,0.0,0.0,0.0
2025-06-25,spy_ief_60_40,0.599687877026008,0.0,0.0,0.0
2025-06-26,spy_ief_60_40,0.6015573068507252,0.0,0.0,0.0
2025-06-27,spy_ief_60_40,0.6027446013417939,0.0,0.0,0.0
2025-06-30,spy_ief_60_40,0.6038861537156837,0.0,0.0,0.0
2025-07-01,spy_ief_60_40,0.6038087089873423,0.0,0.0,0.0
2025-07-02,spy_ief_60_40,0.6048902106320473,0.0,0.0,0.0
2025-07-03,spy_ief_60_40,0.6067649100350564,0.0,0.0,0.0
2025-07-07,spy_ief_60_40,0.604978791050866,0.0,0.0,0.0
2025-07-08,spy_ief_60_40,0.6048478567180742,0.0,0.0,0.0
2025-07-09,spy_ief_60_40,0.6062759112276301,0.0,0.0,0.0
2025-07-10,spy_ief_60_40,0.6006219069669713,0.0,0.0,0.0
2025-07-11,spy_ief_60_40,0.5997768504341116,0.0,0.0,0.0
2025-07-14,spy_ief_60_40,0.6002343648545947,0.0,0.0,0.0
2025-07-15,spy_ief_60_40,0.5992063558054821,0.0,0.0,0.0
2025-07-16,spy_ief_60_40,0.6000076619804489,0.0,0.0,0.0
2025-07-17,spy_ief_60_40,0.6014709935028905,0.0,0.0,0.0
2025-07-18,spy_ief_60_40,0.6012953636760254,0.0,0.0,0.0
2025-07-21,spy_ief_60_40,0.6017494382765199,0.0,0.0,0.0
2025-07-22,spy_ief_60_40,0.6017837340562533,0.0,0.0,0.0
2025-07-23,spy_ief_60_40,0.6038120884695733,0.0,0.0,0.0
2025-07-24,spy_ief_60_40,0.599931916803442,0.0,0.0,0.0
2025-07-25,spy_ief_60_40,0.600943257310755,0.0,0.0,0.0
2025-07-28,spy_ief_60_40,0.6008830340434347,0.0,0.0,0.0
2025-07-29,spy_ief_60_40,0.6002494514356695,0.0,0.0,0.0
2025-07-30,spy_ief_60_40,0.5999470577849697,0.0,0.0,0.0
2025-07-31,spy_ief_60_40,0.5990447068300483,0.0,0.0,0.0
2025-08-01,spy_ief_60_40,0.5950688328266768,0.0,0.0,0.0
2025-08-04,spy_ief_60_40,0.5986985716737097,0.0,0.0,0.0
2025-08-05,spy_ief_60_40,0.5974767594932635,0.0,0.0,0.0
2025-08-06,spy_ief_60_40,0.5993105209668685,0.0,0.0,0.0
2025-08-07,spy_ief_60_40,0.5984892266226316,0.0,0.0,0.0
2025-08-08,spy_ief_60_40,0.600354284837699,0.0,0.0,0.0
2025-08-11,spy_ief_60_40,0.5998792726915393,0.0,0.0,0.0
2025-08-12,spy_ief_60_40,0.6024183726440299,0.0,0.0,0.0
2025-08-13,spy_ief_60_40,0.6032365510755942,0.0,0.0,0.0
2025-08-14,spy_ief_60_40,0.603258808130328,0.0,0.0,0.0
2025-08-15,spy_ief_60_40,0.6026976795725406,0.0,0.0,0.0
2025-08-18,spy_ief_60_40,0.6026455422156429,0.0,0.0,0.0
2025-08-19,spy_ief_60_40,0.6013421545414237,0.0,0.0,0.0
2025-08-20,spy_ief_60_40,0.6007041629348269,0.0,0.0,0.0
2025-08-21,spy_ief_60_40,0.5997244441862497,0.0,0.0,0.0
2025-08-22,spy_ief_60_40,0.6033772989311612,0.0,0.0,0.0
2025-08-25,spy_ief_60_40,0.6023212400337347,0.0,0.0,0.0
2025-08-26,spy_ief_60_40,0.6033216541935664,0.0,0.0,0.0
2025-08-27,spy_ief_60_40,0.6038662049155545,0.0,0.0,0.0
2025-08-28,spy_ief_60_40,0.6047115419742787,0.0,0.0,0.0
2025-08-29,spy_ief_60_40,0.6032808442019282,0.0,0.0,0.0
2025-09-02,spy_ief_60_40,0.601499353191997,0.0,0.0,0.0
2025-09-03,spy_ief_60_40,0.602794190126141,0.0,0.0,0.0
2025-09-04,spy_ief_60_40,0.6047851974861266,0.0,0.0,0.0
2025-09-05,spy_ief_60_40,0.5984318982493052,0.0,0.0,0.0
2025-09-08,spy_ief_60_40,0.599021376478342,0.0,0.0,0.0
2025-09-09,spy_ief_60_40,0.5995759071599549,0.0,0.0,0.0
2025-09-10,spy_ief_60_40,0.600268769222625,0.0,0.0,0.0
2025-09-11,spy_ief_60_40,0.6022528770995519,0.0,0.0,0.0
2025-09-12,spy_ief_60_40,0.6021727010173284,0.0,0.0,0.0
2025-09-15,spy_ief_60_40,0.6034440286324073,0.0,0.0,0.0
2025-09-16,spy_ief_60_40,0.6031142751265951,0.0,0.0,0.0
2025-09-17,spy_ief_60_40,0.6028166620689913,0.0,0.0,0.0
2025-09-18,spy_ief_60_40,0.6039322451823235,0.0,0.0,0.0
2025-09-19,spy_ief_60_40,0.6004958121533287,0.0,0.0,0.0
2025-09-22,spy_ief_60_40,0.6016275750586318,0.0,0.0,0.0
2025-09-23,spy_ief_60_40,0.6003186297434544,0.0,0.0,0.0
2025-09-24,spy_ief_60_40,0.5995537772744493,0.0,0.0,0.0
2025-09-25,spy_ief_60_40,0.5984430703405483,0.0,0.0,0.0
2025-09-26,spy_ief_60_40,0.5998151144919557,0.0,0.0,0.0
2025-09-29,spy_ief_60_40,0.600488576519622,0.0,0.0,0.0
2025-09-30,spy_ief_60_40,0.6013902110657559,0.0,0.0,0.0
2025-10-01,spy_ief_60_40,0.6022054032050663,0.0,0.0,0.0
2025-10-02,spy_ief_60_40,0.6024811255588305,0.0,0.0,0.0
2025-10-03,spy_ief_60_40,0.5997204089182752,0.0,0.0,0.0
2025-10-06,spy_ief_60_40,0.6005794614178753,0.0,0.0,0.0
2025-10-07,spy_ief_60_40,0.5996881047158632,0.0,0.0,0.0
2025-10-08,spy_ief_60_40,0.6011145183726029,0.0,0.0,0.0
2025-10-09,spy_ief_60_40,0.6004186686865461,0.0,0.0,0.0
2025-10-10,spy_ief_60_40,0.5938272947046214,0.0,0.0,0.0
2025-10-13,spy_ief_60_40,0.597494817726011,0.0,0.0,0.0
2025-10-14,spy_ief_60_40,0.5972008023978094,0.0,0.0,0.0
2025-10-15,spy_ief_60_40,0.5982659189650765,0.0,0.0,0.0
2025-10-16,spy_ief_60_40,0.5966224309250592,0.0,0.0,0.0
2025-10-17,spy_ief_60_40,0.6017716534780126,0.0,0.0,0.0
2025-10-20,spy_ief_60_40,0.6042485380044458,0.0,0.0,0.0
2025-10-21,spy_ief_60_40,0.6042449617308464,0.0,0.0,0.0
2025-10-22,spy_ief_60_40,0.6029978197131515,0.0,0.0,0.0
2025-10-23,spy_ief_60_40,0.6044123448893288,0.0,0.0,0.0
2025-10-24,spy_ief_60_40,0.606356780388507,0.0,0.0,0.0
2025-10-27,spy_ief_60_40,0.6091527437170563,0.0,0.0,0.0
2025-10-28,spy_ief_60_40,0.609784078153131,0.0,0.0,0.0
2025-10-29,spy_ief_60_40,0.6098983370501901,0.0,0.0,0.0
2025-10-30,spy_ief_60_40,0.6072639694241134,0.0,0.0,0.0
2025-10-31,spy_ief_60_40,0.5989532481087018,0.0,0.0,0.0
2025-11-03,spy_ief_60_40,0.5994035387683512,0.0,0.0,0.0
2025-11-04,spy_ief_60_40,0.5965368983664168,0.0,0.0,0.0
2025-11-05,spy_ief_60_40,0.5973692491890975,0.0,0.0,0.0
2025-11-06,spy_ief_60_40,0.5947719794908893,0.0,0.0,0.0
2025-11-07,spy_ief_60_40,0.5950091389936328,0.0,0.0,0.0
2025-11-10,spy_ief_60_40,0.5987347805237495,0.0,0.0,0.0
2025-11-11,spy_ief_60_40,0.5992840121490627,0.0,0.0,0.0
2025-11-12,spy_ief_60_40,0.5994175846486998,0.0,0.0,0.0
2025-11-13,spy_ief_60_40,0.5953930512140099,0.0,0.0,0.0
2025-11-14,spy_ief_60_40,0.6023486830856353,0.0,0.0,0.0
2025-11-17,spy_ief_60_40,0.6001045628588242,0.0,0.0,0.0
2025-11-18,spy_ief_60_40,0.598079134693036,0.0,0.0,0.0
2025-11-19,spy_ief_60_40,0.5990056217689883,0.0,0.0,0.0
2025-11-20,spy_ief_60_40,0.5953107173702531,0.0,0.0,0.0
2025-11-21,spy_ief_60_40,0.5976963826284226,0.0,0.0,0.0
2025-11-24,spy_ief_60_40,0.6012046739561092,0.0,0.0,0.0
2025-11-25,spy_ief_60_40,0.6034471323932661,0.0,0.0,0.0
2025-11-26,spy_ief_60_40,0.6050922879907793,0.0,0.0,0.0
2025-11-28,spy_ief_60_40,0.6063923097149297,0.0,0.0,0.0
2025-12-01,spy_ief_60_40,0.6005155399226988,0.0,0.0,0.0
2025-12-02,spy_ief_60_40,0.6009593837283314,0.0,0.0,0.0
2025-12-03,spy_ief_60_40,0.601788055976236,0.0,0.0,0.0
2025-12-04,spy_ief_60_40,0.6019631848482857,0.0,0.0,0.0
2025-12-05,spy_ief_60_40,0.602417782729604,0.0,0.0,0.0
2025-12-08,spy_ief_60_40,0.6016969357713992,0.0,0.0,0.0
2025-12-09,spy_ief_60_40,0.6014899743605776,0.0,0.0,0.0
2025-12-10,spy_ief_60_40,0.6030733990443724,0.0,0.0,0.0
2025-12-11,spy_ief_60_40,0.6036296298088765,0.0,0.0,0.0
2025-12-12,spy_ief_60_40,0.6010402917965185,0.0,0.0,0.0
2025-12-15,spy_ief_60_40,0.5982388421094189,0.0,0.0,0.0
2025-12-16,spy_ief_60_40,0.5975810562197319,0.0,0.0,0.0
2025-12-17,spy_ief_60_40,0.5949174211872339,0.0,0.0,0.0
2025-12-18,spy_ief_60_40,0.5967290707515125,0.0,0.0,0.0
2025-12-19,spy_ief_60_40,0.598898401928098,0.0,0.0,0.0
2025-12-22,spy_ief_60_40,0.6003893738261918,0.0,0.0,0.0
2025-12-23,spy_ief_60_40,0.6014829326521772,0.0,0.0,0.0
2025-12-24,spy_ief_60_40,0.6023243305579042,0.0,0.0,0.0
2025-12-26,spy_ief_60_40,0.6023000397909101,0.0,0.0,0.0
2025-12-29,spy_ief_60_40,0.6014445862513986,0.0,0.0,0.0
2025-12-30,spy_ief_60_40,0.5998463289643754,0.0,0.0,0.0
2025-12-31,spy_ief_60_40,0.5980600132113834,0.0,0.0,0.0
2026-01-02,spy_ief_60_40,0.5985001693148517,0.0,0.0,0.0
2026-01-05,spy_ief_60_40,0.6000942247084965,0.0,0.0,0.0
2026-01-06,spy_ief_60_40,0.601516371592271,0.0,0.0,0.0
2026-01-07,spy_ief_60_40,0.6007422395497786,0.0,0.0,0.0
2026-01-08,spy_ief_60_40,0.600717887987197,0.0,0.0,0.0
2026-01-09,spy_ief_60_40,0.6022978713532501,0.0,0.0,0.0
2026-01-12,spy_ief_60_40,0.6026736812937115,0.0,0.0,0.0
2026-01-13,spy_ief_60_40,0.6021943135998442,0.0,0.0,0.0
2026-01-14,spy_ief_60_40,0.59977758476841,0.0,0.0,0.0
2026-01-15,spy_ief_60_40,0.6004302135743438,0.0,0.0,0.0
2026-01-16,spy_ief_60_40,0.6002290923846522,0.0,0.0,0.0
2026-01-20,spy_ief_60_40,0.5952839808446911,0.0,0.0,0.0
2026-01-21,spy_ief_60_40,0.598045497481248,0.0,0.0,0.0
2026-01-22,spy_ief_60_40,0.5992971685565184,0.0,0.0,0.0
2026-01-23,spy_ief_60_40,0.5993842856970983,0.0,0.0,0.0
2026-01-26,spy_ief_60_40,0.60059996029052,0.0,0.0,0.0
2026-01-27,spy_ief_60_40,0.6015534193251666,0.0,0.0,0.0
2026-01-28,spy_ief_60_40,0.6015292912211293,0.0,0.0,0.0
2026-01-29,spy_ief_60_40,0.5991884532000827,0.0,0.0,0.0
2026-01-30,spy_ief_60_40,0.5984708772406955,0.0,0.0,0.0
2026-02-02,spy_ief_60_40,0.5996619584818615,0.0,0.0,0.0
2026-02-03,spy_ief_60_40,0.5976217560841012,0.0,0.0,0.0
2026-02-04,spy_ief_60_40,0.5964535574431561,0.0,0.0,0.0
2026-02-05,spy_ief_60_40,0.5934248714572504,0.0,0.0,0.0
2026-02-06,spy_ief_60_40,0.5980015172115355,0.0,0.0,0.0
2026-02-09,spy_ief_60_40,0.5991573195205994,0.0,0.0,0.0
2026-02-10,spy_ief_60_40,0.5985229701263529,0.0,0.0,0.0
2026-02-11,spy_ief_60_40,0.5984674222711325,0.0,0.0,0.0
2026-02-12,spy_ief_60_40,0.5954654284263222,0.0,0.0,0.0
2026-02-13,spy_ief_60_40,0.5956350707928396,0.0,0.0,0.0
2026-02-17,spy_ief_60_40,0.5960233056019131,0.0,0.0,0.0
2026-02-18,spy_ief_60_40,0.5972326526506142,0.0,0.0,0.0
2026-02-19,spy_ief_60_40,0.5965972445656522,0.0,0.0,0.0
2026-02-20,spy_ief_60_40,0.5983302339641878,0.0,0.0,0.0
2026-02-23,spy_ief_60_40,0.5958610537737906,0.0,0.0,0.0
2026-02-24,spy_ief_60_40,0.5976038412068798,0.0,0.0,0.0
2026-02-25,spy_ief_60_40,0.5996228415901943,0.0,0.0,0.0
2026-02-26,spy_ief_60_40,0.598284909927151,0.0,0.0,0.0
2026-02-27,spy_ief_60_40,0.6010162977760539,0.0,0.0,0.0
2026-03-02,spy_ief_60_40,0.6011525853216699,0.0,0.0,0.0
2026-03-03,spy_ief_60_40,0.5990279288627507,0.0,0.0,0.0
2026-03-04,spy_ief_60_40,0.6007154533105867,0.0,0.0,0.0
2026-03-05,spy_ief_60_40,0.5993736169427982,0.0,0.0,0.0
2026-03-06,spy_ief_60_40,0.5962013566238148,0.0,0.0,0.0
2026-03-09,spy_ief_60_40,0.5982993161996748,0.0,0.0,0.0
2026-03-10,spy_ief_60_40,0.5979127058882492,0.0,0.0,0.0
2026-03-11,spy_ief_60_40,0.5976107200912112,0.0,0.0,0.0
2026-03-12,spy_ief_60_40,0.5939257288534863,0.0,0.0,0.0
2026-03-13,spy_ief_60_40,0.5994577769952649,0.0,0.0,0.0
