date,n_candidates_before_filters,n_candidates_after_filters,n_selected,sum_w,selected_assets,selected_avg_p_up,selected_avg_upside,fallback_used
2022-10-20,2,0,1,1.0,SPY,,,1
2022-11-03,2,1,1,1.0,QQQ,0.6767272727272727,0.009541995672944115,0
2022-11-17,2,1,1,1.0,QQQ,0.6489090909090909,0.011984563053440755,0
2022-12-02,2,1,1,1.0,QQQ,0.4747272727272727,0.021691930479187604,0
2022-12-16,2,0,1,1.0,SPY,,,1
2023-01-03,2,1,1,1.0,SPY,0.7261818181818182,0.0027204654080250634,0
2023-01-18,2,0,1,1.0,SPY,,,1
2023-02-01,2,0,1,1.0,SPY,,,1
2023-02-15,2,0,1,1.0,SPY,,,1
2023-03-02,2,0,1,1.0,SPY,,,1
2023-03-16,2,1,1,1.0,SPY,0.6087272727272727,0.012375924741463429,0
2023-03-30,2,1,1,1.0,SPY,0.4949090909090909,0.01670908388460801,0
2023-04-14,2,0,1,1.0,SPY,,,1
2023-04-28,2,0,1,1.0,SPY,,,1
2023-05-12,2,0,1,1.0,SPY,,,1
2023-05-26,2,1,1,1.0,QQQ,0.6265454545454545,0.008034736552366528,0
2023-06-12,2,0,1,1.0,SPY,,,1
2023-06-27,2,2,2,1.0,QQQ|SPY,0.6611818181818181,0.011272742330839303,0
2023-07-12,2,0,1,1.0,SPY,,,1
2023-07-26,2,0,1,1.0,SPY,,,1
2023-08-09,2,1,1,1.0,SPY,0.5525454545454546,0.014328722048520648,0
2023-08-23,2,2,2,1.0,QQQ|SPY,0.7196363636363636,0.004965421301575068,0
2023-09-07,2,0,1,1.0,SPY,,,1
2023-09-21,2,0,1,1.0,SPY,,,1
2023-10-05,2,2,2,1.0,SPY|QQQ,0.5720909090909091,0.012436990183755547,0
2023-10-19,2,2,2,1.0,SPY|QQQ,0.7076363636363636,0.006596058055246323,0
2023-11-02,2,0,1,1.0,SPY,,,1
2023-11-16,2,0,1,1.0,SPY,,,1
2023-12-01,2,1,1,1.0,QQQ,0.7623636363636364,0.0008384054677603725,0
2023-12-15,2,1,1,1.0,QQQ,0.7010909090909091,0.0003386529596915988,0
2024-01-02,2,0,1,1.0,SPY,,,1
2024-01-17,3,1,1,1.0,SPY,0.7376363636363636,0.000858380431518535,0
2024-01-31,3,1,1,1.0,SPY,0.6425454545454545,0.00717927146997388,0
2024-02-14,3,1,1,1.0,IONQ,0.8030909090909091,0.005335030736951962,0
2024-02-29,3,1,1,1.0,QQQ,0.7763636363636364,0.00010590984183123098,0
2024-03-14,3,1,1,1.0,IONQ,0.777090909090909,0.008127958396839441,0
2024-03-28,3,2,2,1.0,IONQ|SPY,0.6820909090909091,0.010358381131962746,0
2024-04-12,3,1,1,1.0,SPY,0.6712727272727272,0.0050234783673330785,0
2024-04-26,3,2,2,0.9999999999999999,SPY|IONQ,0.6619999999999999,0.006903155321901666,0
2024-05-10,3,1,1,1.0,SPY,0.8089090909090909,0.0011380315051572332,0
2024-05-24,3,2,2,0.9999999999999999,IONQ|SPY,0.6504545454545454,0.02387044738809352,0
2024-06-10,3,2,2,1.0,QQQ|SPY,0.5545454545454546,0.01219218270124256,0
2024-06-25,3,1,1,1.0,QQQ,0.842,0.004118602778119929,0
2024-07-10,3,2,2,1.0,QQQ|SPY,0.8049999999999999,0.0031282867362001365,0
2024-07-24,3,1,1,1.0,SPY,0.7403636363636363,0.0032317436105735453,0
2024-08-07,3,1,1,1.0,QQQ,0.576,0.010333125058829884,0
2024-08-21,3,1,1,1.0,IONQ,0.6136363636363636,0.027877839707792118,0
2024-09-05,3,1,1,1.0,SPY,0.8709090909090909,0.0003330702229202842,0
2024-09-19,3,3,3,1.0,QQQ|IONQ|SPY,0.705030303030303,0.007485188916405298,0
2024-10-03,3,1,1,1.0,SPY,0.8694545454545455,0.001408564855424288,0
2024-10-17,3,3,3,1.0,IONQ|SPY|QQQ,0.6136969696969697,0.014188752817926828,0
2024-10-31,4,2,2,1.0,IONQ|SPY,0.7100909090909091,0.015510785735573296,0
2024-11-14,4,3,3,1.0000000000000002,NVTS|QQQ|SPY,0.6778787878787877,0.019140489769236286,0
2024-11-29,4,2,2,1.0,IONQ|QQQ,0.5422727272727272,0.07202922420940772,0
2024-12-13,4,2,2,1.0,IONQ|NVTS,0.5655454545454546,0.07601196857138703,0
2024-12-30,4,2,2,1.0,NVTS|QQQ,0.605909090909091,0.03593713394495157,0
2025-01-15,4,3,3,1.0,IONQ|SPY|QQQ,0.6207878787878788,0.0196594147027583,0
2025-01-30,4,2,2,1.0,QQQ|SPY,0.5371818181818182,0.019049137041246555,0
2025-02-13,4,3,3,1.0,SPY|IONQ|QQQ,0.6935757575757576,0.010848646629543435,0
2025-02-28,4,4,4,1.0000000000000002,IONQ|QQQ|SPY|NVTS,0.7320909090909091,0.009534976194440659,0
2025-03-14,4,3,3,1.0,IONQ|NVTS|QQQ,0.6567272727272727,0.031013106492547404,0
2025-03-28,4,2,2,1.0,IONQ|SPY,0.6699090909090909,0.05364393978293047,0
2025-04-11,4,3,3,1.0,IONQ|SPY|NVTS,0.5298181818181819,0.05619447696715577,0
2025-04-28,4,3,3,1.0,IONQ|QQQ|SPY,0.7503030303030304,0.0083346067134941,0
2025-05-12,4,3,3,1.0000000000000002,NVTS|SPY|QQQ,0.6345454545454545,0.011342050525504114,0
2025-05-27,4,1,1,1.0,QQQ,0.6998181818181818,0.0027832169932315853,0
2025-06-10,4,3,3,1.0,IONQ|QQQ|SPY,0.709939393939394,0.011822986084276454,0
2025-06-25,4,1,1,1.0,IONQ,0.7909090909090909,0.008369698002591575,0
2025-07-10,4,1,1,1.0,IONQ,0.6383636363636364,0.04310663016866667,0
2025-07-24,4,2,2,0.9999999999999999,QQQ|SPY,0.5444545454545454,0.00964296563713285,0
2025-08-07,4,3,3,1.0,IONQ|NVTS|SPY,0.6568484848484849,0.02368101378835615,0
2025-08-21,4,3,3,1.0,NVTS|QQQ|SPY,0.6178181818181818,0.038708013633953486,0
2025-09-05,4,3,3,0.9999999999999999,NVTS|SPY|QQQ,0.6590909090909092,0.010394592656968257,0
2025-09-19,4,3,3,1.0000000000000002,NVTS|IONQ|SPY,0.765030303030303,0.010190546353820254,0
2025-10-03,4,3,3,1.0,NVTS|QQQ|SPY,0.614,0.016605616276284502,0
2025-10-17,4,3,3,1.0,IONQ|SPY|QQQ,0.6515757575757576,0.02461063230072306,0
2025-10-31,4,4,4,1.0,NVTS|IONQ|SPY|QQQ,0.712,0.032773843159293714,0
2025-11-14,4,2,2,1.0,NVTS|SPY,0.5444545454545454,0.05604329177752654,0
2025-12-01,4,1,1,1.0,QQQ,0.6150909090909091,0.010891383929933607,0
2025-12-15,4,2,2,1.0,NVTS|SPY,0.6297272727272727,0.06549488237396839,0
2025-12-30,4,1,1,1.0,NVTS,0.3276363636363636,0.21863311328969215,0
2026-01-14,4,3,3,0.9999999999999999,SPY|NVTS|QQQ,0.6575151515151516,0.0042262125494316,0
2026-01-29,4,0,1,1.0,SPY,,,1
2026-02-12,4,2,2,1.0,IONQ|SPY,0.733090909090909,0.007566363892768102,0
2026-02-27,4,2,2,1.0,NVTS|QQQ,0.6379999999999999,0.027907584746466596,0
2026-03-13,2,2,2,1.0,IONQ|NVTS,0.7108181818181818,0.015184692344180739,0
